release_id,Artist,Title,Released,Format,Label,Catalog#,Genres,Styles,Date Added
102846,The 45 King,Master Of The Game,1989,"Vinyl (LP, Album)",Trax Music; Dance Trax,DRXLP 702; DRXLP 702,Hip Hop,,2018-10-06
3554,808 State,Quadrastate,1989,"Vinyl (LP, Mini-Album)",Creed Records,State 004,Electronic,Techno; House; Balearic,2017-10-30
6123286,A Guy Called Gerald,Automanikk,1990,"Vinyl (LP, Album)",CBS,466482 0,Electronic,House; Techno; Deep House; Acid House,2018-01-01
14006,A Guy Called Gerald,Voodoo Ray (Remix),1989,"Vinyl (12"", 33 ⅓ RPM, Single)",Rham!; Rham!,RX8804; RX 8804,Electronic,Acid House,2018-01-01
28154,A.R. Kane,"""i""",1989,"Vinyl (LP, Album, Reissue)",Rough Trade,Rough 139,Electronic; Rock,Experimental; Dream Pop,2018-08-27
1435244,ABBA,ABBA,1975,"Vinyl (LP, Album)",Epic; Epic; Epic,EPC 80835; S EPC 80835; POLS 262,Pop,Europop; Vocal,2017-10-21
403181,ABBA,Voulez-Vous,1979,"Vinyl (LP, Album, Stereo)",Epic; Epic; Epic,EPC 86086; 86086; S EPC 86086,Pop,Europop; Disco,2017-10-21
71230,Adamski,Killer,1990,"Vinyl (12"", 45 RPM, Single, Stereo)",MCA Records,MCAT 1400,Electronic,House; Techno,2017-10-21
159124,Adamski,Killeremix,1990,"Vinyl (12"", 45 RPM, Stereo)",MCA Records,MCAX 1400,Electronic,Breakbeat; Techno; House; Acid House,2017-10-21
57607,Adamski,Liveandirect,1989,"Vinyl (LP, Album)",MCA Records,MCG 6078,Electronic,Techno; House,2017-10-21
207199,Adeva,Don't Let It Show On Your Face,1992,"Vinyl (12"", 45 RPM)",Cooltempo; Chrysalis,COOLX248; 3 23824 6,Electronic,House; Garage House,2017-10-21
1648792,Aerothrob,3 Bear Blues,1994,"Vinyl (12"", 45 RPM, Promo, White Label)",Rising High Records,RSN 98,Electronic,Techno,2017-10-21
118680,Aftershock (3),Fade To Grey,1990,"Vinyl (12"", 45 RPM)",Jumpin' & Pumpin'; Jumpin' & Pumpin',12 TOT 5; 12TOT 5,Electronic,House; Dub,2017-10-21
2798033,AIR,Moon Safari,1998,"Vinyl (LP, Album)",Source; Virgin,7243 8 44978 1 1; V 2848,Electronic,Downtempo,2017-10-21
2715147,Al Jarreau,Jarreau,1983,"Vinyl (LP, Album)",WEA,25-0070-1,Jazz; Pop,Soul-Jazz; Downtempo; Vocal,2018-07-01
15927,Alex Reece,Feel The Sunshine (Remixes),1996,"Vinyl (12"", 33 ⅓ RPM)",4th & Broadway; 4th & Broadway,12 BRW 332; 854 603-1,Electronic,Drum n Bass; Future Jazz,2019-09-29
574025,Alexander O'Neal,Alexander O'Neal,1985,"Vinyl (LP, Album)",Tabu Records,TBU 26485,Funk / Soul,Soul; Funk; Contemporary R&B,2019-01-13
2455050,Aloe Blacc,Good Things,2010,"Vinyl (LP, Album)",Stones Throw Records,STH2245,Funk / Soul,Soul; Funk; Neo Soul,2017-10-21
578674,Andy Roberts,Hey Get Up,1997,"Vinyl (12"")",Kult Hardware,TW 002,Electronic,Deep House,2019-09-29
99062,Anita Baker,I Apologize,1995,"Vinyl (12"", 33 ⅓ RPM)",Elektra; Elektra; Elektra,EKR201T; 7559-66123-0; EKR201 (T),Electronic,Downtempo; Drum n Bass; Jungle,2017-10-21
531359,Antony And The Johnsons,I Am A Bird Now,2005,"Vinyl (LP, Album)",Rough Trade,RTRADLP 223,Rock,Art Rock; Glam,2017-10-21
3979609,Aphex Twin,...I Care Because You Do,2012,"Vinyl (LP, Album, Reissue, Stereo)",Warp Records,WARP LP 30,Electronic,IDM; Techno,2017-10-21
8720448,Aphex Twin,Cheetah EP,2016,"Vinyl (12"", 33 ⅓ RPM, EP, Stereo)",Warp Records,WAP391,Electronic,Techno; IDM,2017-10-21
3662,Aphex Twin,Come To Daddy,1997,"Vinyl (12"", 45 RPM, Single)",Warp Records,WAP94,Electronic,Abstract; IDM; Experimental; Breakbeat,2017-10-21
6538497,Aphex Twin,Computer Controlled Acoustic Instruments Pt2 (EP),2015,"Vinyl (12"", 33 ⅓ RPM, 45 RPM, EP)",Warp Records,WAP375,Electronic,IDM; Experimental,2017-10-21
13966,Aphex Twin,Drukqs,2001,"Vinyl (12"", 45 RPM); Vinyl (LP); Box Set (Album)",Warp Records,WARPLP92,Electronic,IDM; Drum n Bass; Experimental,2017-10-21
3979643,Aphex Twin,Richard D. James Album,2012,"Vinyl (LP, Album, Reissue)",Warp Records,WARP LP 43,Electronic,IDM; Acid; Abstract; Jungle; Drum n Bass; Experimental,2017-10-21
4887177,Aphex Twin,Selected Ambient Works 85-92,2013,"Vinyl (LP, Album, Reissue, Remastered)",Apollo,AMBLP3922,Electronic,IDM; Techno; Electro; Experimental; Ambient,2017-10-21
6095128,Aphex Twin,Syro,2014,"Vinyl (12"", 33 ⅓ RPM, Album)",Warp Records,WARPLP247,Electronic,Breakbeat; IDM; Downtempo; Abstract; Techno; Acid,2017-10-21
918582,Arc In The Sky (2),Dex Shalini,1994,"Vinyl (12"")",Indochina,ID015 T,Electronic,Trance; Goa Trance,2018-07-01
8644845,Arctic Monkeys,"Whatever People Say I Am, That's What I'm Not",0,"Vinyl (LP, Album)",Domino,WIGLP162,Rock,Indie Rock,2017-10-21
695957,Arctic Monkeys,Who The Fuck Are Arctic Monkeys?,2006,"Vinyl (10"", 33 ⅓ RPM, EP)",Domino,RUG226,Rock,Indie Rock,2017-10-21
965956,Aretha Franklin,The Best Of Aretha Franklin,1984,"Vinyl (LP, Compilation)",Atlantic,780 169-1,Funk / Soul,Soul,2017-12-27
517807,Aretha Franklin,"Young, Gifted And Black",1972,"Vinyl (LP, Album, Stereo)",Atlantic,SD 7213,Funk / Soul,Soul,2017-12-27
448385,Arrested Development,Ease My Mind,1994,"Vinyl (12"", 33 ⅓ RPM)",Cooltempo,12COOL 293,Hip Hop,,2017-10-21
514492,Arrested Development,Tennessee,1992,"Vinyl (7"", 45 RPM)",Cooltempo; Cooltempo; Cooltempo,COOL 253; cool253; 3238717,Hip Hop,Conscious,2017-10-21
3802037,Art Tatum,In Person,1960,"Vinyl (LP, Album)",Ember Records International Ltd,EMB 3314,Jazz,Swing,2017-10-21
1360182,Asia Blue,Connect,1992,"Vinyl (12"", 33 ⅓ RPM, Promo)",Atomic Records (9); A&M Records,ABDJ 1; ABDJ 1,Electronic; Funk / Soul; Pop,House; Rhythm & Blues,2017-10-21
372301,Aspects,My Genre,2001,"Vinyl (12"")",Hombré,MEX 034,Hip Hop,,2017-10-21
75652,Atlantic Ocean,Waterfall,1993,"Vinyl (12"", 33 ⅓ RPM)",Eastern Bloc Records; Eastern Bloc Records,Bloc001; bloc001,Electronic,Progressive House; Progressive Trance,2017-10-21
79311,Attica Blues,3ree (A Means To Be),1997,"Vinyl (12"", 33 ⅓ RPM)",Mo Wax,MW079,Electronic; Hip Hop,Downtempo,2017-10-21
852026,Audio Active,Happy Shopper In Europe EP,1995,"Vinyl (12"", EP)",On-U Sound; Beat Records; On-U Sound; Beat Records,ON-U DP 35; ON-U DP 35; ON-U DP35; ON-U DP35,Electronic; Reggae,Dub; Experimental,2017-10-21
2550134,Austin Roberts,The Last Thing On My Mind,1973,"Vinyl (LP, Album)",Chelsea Records,BCL1-0199,Rock,Pop Rock,2019-09-29
8751243,The Avalanches,Wildflower,2016,"Vinyl (LP); CD; All Media (Album, Deluxe Edition)",XL Recordings; Modular Recordings,XLLP755X; XLLP755X,Electronic; Hip Hop; Rock,Abstract; Experimental; Breaks,2017-10-21
549068,Average White Band,AWB,1974,"Vinyl (LP, Album, Stereo)",Atlantic; Atlantic,K 50058; K50058,Funk / Soul,Rhythm & Blues; Soul; Funk,2017-10-21
499669,Average White Band,Cupid's In Fashion,1982,"Vinyl (LP, Album)",RCA; RCA,RCALP 6052; PL 13217,Rock; Funk / Soul,AOR; Rhythm & Blues; Soul,2017-10-21
708377,Average White Band,Person To Person,1976,"Vinyl (LP, Album, Stereo)",Atlantic,SD 2-1002,Funk / Soul,Funk,2017-10-21
5077083,Average White Band,Warmer Communications,1981,"Vinyl (LP, Album, Reissue)",RCA International; RCA International,INTS 5162; NL 43798,Funk / Soul,Disco,2017-10-21
3859466,The Aynsley Dunbar Retaliation,Doctor Dunbar's Prescription,1968,"Vinyl (LP, Album, Stereo)",Liberty; Liberty,LBS 83177; LBS 83177E,Rock; Blues,Electric Blues; Blues Rock; Psychedelic Rock,2017-10-21
3003916,The Aynsley Dunbar Retaliation,Retaliation,1969,"Vinyl (LP, Album, Stereo)",Liberty,LBS 83223,Rock,Blues Rock,2017-10-21
727204,B12,Electro-Soma,1993,"Vinyl (LP, Album, Limited Edition, Numbered)",Warp Records; Warp Records,WARP LP9 LTD; WARP LP9,Electronic,IDM; Techno,2017-10-21
245802,Barbara Mason,Another Man,1984,"Vinyl (12"", 45 RPM, Single)",Streetwave,MKHAN 3,Electronic; Funk / Soul,Boogie,2019-01-13
663615,Basia,Third Time Lucky / Drunk On Love (The Remixes),1994,"Vinyl (12"", 33 ⅓ RPM)",Epic,660867 6,Electronic,House,2019-09-29
1595322,The Beach Boys,L.A. (Light Album),1979,"Vinyl (LP, Album)",Caribou Records; Brother Records (3); CBS,JZ 35752; JZ 35752; JZ 35752,Rock,Soft Rock; Pop Rock,2017-10-21
1748681,The Beach Boys,Summer Dreams: 32 Classic Tracks,1990,"Vinyl (LP, Compilation)",Capitol Records; Capitol Records,EMTVD 51; 79 4620 1,Pop,Surf,2017-10-21
59670,Beach Flea,F For Fake,1995,"Vinyl (10"", 45 RPM, Single)",Other,OTHER 110,Electronic,Downtempo,2017-10-21
538402,Beastie Boys,Beastie Show Breaks,2003,"Vinyl (LP, Reissue, Unofficial Release)",Not On Label (Beastie Boys),BB-SV-5,Hip Hop,DJ Battle Tool,2017-10-21
117305,Beastie Boys,Frozen Metal Head,1992,"Vinyl (12"", 45 RPM, EP, Limited Edition, Stereo)",Capitol Records; Grand Royal Records,12CLS 665; 12CLS 665,Hip Hop,Boom Bap,2017-10-21
544140,Beastie Boys,Hello Nasty,1998,"Vinyl (LP, Album)",Capitol Records; Grand Royal; Grand Royal,7243 4 95723 1 7; 7243 4 95723 1 7; 495 7231,Hip Hop,,2017-10-21
2895444,Beastie Boys,Hotsaucecommitteeparttwo,2011,"Vinyl (LP, Album); Vinyl (7"", 45 RPM, Single); All Media",Capitol Records; Oscilloscope Laboratories; Brooklyn Dust Music,509996 88043 1 2; 509996 88043 1 2; 509996 88043 1 2,Hip Hop,,2017-10-21
459550,Beastie Boys,No Sleep Till Brooklyn,1987,"Vinyl (12"", 45 RPM, Single, Stereo)",Def Jam Recordings; CBS,BEAST T1; BEAST T1,Hip Hop,,2017-10-21
351774,Beastie Boys,Pass The Mic,1992,"Vinyl (12"", 33 ⅓ RPM, Single Sided, EP, Etched)",Capitol Records; Capitol Records,12CL 653; 20 4757 0,Hip Hop,,2017-10-21
47802,Beastie Boys,Paul's Boutique,0,"Vinyl (LP, Album, Reissue)",Capitol Records; Capitol Records; Beastie Boys Records; Capitol Records; Beastie Boys Records,0777 7 91743 1 7; EST 2102; EST 2102; 7 91743 1; 7 91743 1,Electronic; Hip Hop; Rock,Experimental,2017-10-21
2385842,Beastie Boys,She's On It,1987,"Vinyl (12"", 45 RPM, Test Pressing)",Def Jam Recordings,BEAST T2,Hip Hop,,2017-10-21
487971,Beastie Boys,Sure Shot,1994,"Vinyl (10"", 45 RPM, Stereo)",Grand Royal; Capitol Records; Grand Royal; Capitol Records,10cl 726; 10cl 726; 7 2438 8 1734 0 7; 7 2438 8 1734 0 7,Hip Hop; Rock,Punk; Hardcore; Hip Hop,2017-10-21
1251999,The Beatles,1962-1966,1978,"Vinyl (LP, Compilation, Limited Edition, Reissue)",Capitol Records,SEBX-11842,Rock; Pop,Beat; Rock & Roll; Pop Rock,2017-10-21
649306,The Beatles,A Hard Day's Night,1964,"Vinyl (LP, Album, Mono)",Parlophone,PMC 1230,Rock; Stage & Screen,Beat; Rock & Roll; Soundtrack; Pop Rock,2017-10-21
2498807,The Beatles,Abbey Road,1969,"Vinyl (LP, Album, Stereo)",Apple Records,PCS 7088,Rock; Pop,Pop Rock,2017-10-21
651143,The Beatles,Beatles For Sale,1964,"Vinyl (LP, Album, Mono)",Parlophone,PMC 1240,Rock; Pop,Rock & Roll; Beat; Pop Rock,2017-10-21
367452,The Beatles,Help!,1965,"Vinyl (LP, Album, Stereo)",Parlophone,PCS 3071,Rock; Stage & Screen,Soundtrack; Pop Rock; Folk Rock; Country Rock; Rock & Roll,2017-10-21
377554,The Beatles,Let It Be,1970,"Vinyl (LP, Album, Stereo)",Apple Records,AR 34001,Rock,Pop Rock,2017-10-21
1461424,The Beatles,Live At The BBC,1994,"Vinyl (LP, Misprint, Remastered, Mono)",Apple Records; Apple Records,7243 8 31796 1 9; PCSP 726,Rock; Pop,Rock & Roll; Pop Rock; Interview; Speech,2017-10-21
433983,The Beatles,Magical Mystery Tour,1976,"Vinyl (LP, Compilation, Reissue, Stereo)",Parlophone; Parlophone,PCTC 255; 0C 066 - 06 243,Rock; Pop; Stage & Screen,Soundtrack; Psychedelic Rock; Pop Rock,2017-10-21
1270602,The Beatles,Please Please Me,1974,"Vinyl (LP, Album, Reissue, Stereo)",Parlophone,PCS 3042,Rock,Rock & Roll; Rhythm & Blues; Pop Rock,2017-10-21
1863427,The Beatles,Revolver,0,"Vinyl (LP, Album, Reissue, Repress)",EMI; EMI,14C 062-04097; 2J062-04097,Rock,Pop Rock; Psychedelic Rock,2017-10-21
1426013,The Beatles,Rock 'N' Roll Music Vol. 1,1980,"Vinyl (LP, Compilation)",Music For Pleasure,MFP 50506,Rock,Rock & Roll; Beat; Pop Rock,2017-10-21
777879,The Beatles,Rock 'N' Roll Music Vol. 2,1980,"Vinyl (LP, Compilation)",Music For Pleasure,MFP 50507,Rock; Pop,Beat; Rock & Roll,2017-10-21
4419753,The Beatles,Rubber Soul,1965,"Vinyl (LP, Album, Repress, Mono)",Parlophone,PMC 1267,Rock,Rock & Roll; Pop Rock,2017-10-21
1111731,The Beatles,Sgt. Pepper's Lonely Hearts Club Band,1967,"Vinyl (LP, Album, Special Cut, Stereo)",Parlophone,PCS 7027,Rock; Pop,Rock & Roll; Pop Rock; Psychedelic Rock,2017-10-21
456663,The Beatles,The Beatles,1968,"Vinyl (LP, Album, Misprint, Numbered, Mono)",Apple Records,PMC 7067/8,Rock,Pop Rock; Experimental,2017-10-21
4546697,The Beatles,The Beatles,1981,"Vinyl (LP, Album, Mono, Reissue)",Apple Records,PMC 7067-8,Rock,Pop Rock; Experimental; Rock & Roll; Psychedelic Rock,2017-10-21
8317363,The Beatles,With The Beatles,1963,"Vinyl (LP, Album, Mono)",Parlophone,PMC 1206,Rock; Pop,Beat; Rock & Roll; Pop Rock,2017-10-21
4819335,The Beatles,Yellow Submarine,1979,"Vinyl (LP, Album, Reissue, Stereo)",EMI; EMI,11C 074 04002; 8E 068 - 04 002,Rock; Pop; Stage & Screen,Soundtrack; Pop Rock,2017-10-21
379388,The Beatles,Yesterday And Today,1966,"Vinyl (LP, Album, Compilation, Stereo)",Capitol Records; Capitol Records,ST 2553; ST-2553,Rock,Psychedelic Rock; Pop Rock; Beat,2017-10-21
328443,The Beatnuts,Milk Me,2004,"Vinyl (LP, Album)",Penalty Recordings,PENDLP7001,Hip Hop,,2017-10-21
372437,The Beatnuts,Stone Crazy,1997,"Vinyl (LP, Album)",Relativity,88561-1508-1,Hip Hop,,2017-10-21
420754,Beats International,Dub Be Good To Me (Remixes),1990,"Vinyl (12"", 45 RPM, Single)",Go! Beat; Go! Beat,GODXR 39; GOD XR 39,Electronic,Dub; Hip Hop,2017-10-21
225156,Bee Gees,You Should Be Dancing,1990,"Vinyl (12"", Promo)",Polydor,PZDJ 107,Electronic,House; Disco,2017-10-21
1617048,"Beenie Man, Silver Cat (2)",Chronic,1995,"Vinyl (12"", 45 RPM)",Greensleeves Records,GRED 480,Reggae,Dancehall; Ragga,2017-10-21
2162297,Bell + Arc,Bell + Arc,1971,"Vinyl (LP, Album)",Philips,6369 917,Rock; Blues,Blues Rock; Classic Rock,2017-10-21
164673,Bell Biv Devoe,Poison (Extended Version),1990,"Vinyl (12"", 33 ⅓ RPM, Single)",MCA Records,MCA-24003,Hip Hop; Funk / Soul,New Jack Swing; Contemporary R&B,2017-10-21
394731,Ben Harper,Like A King / Whipping Boy,1994,"Vinyl (12"", 33 ⅓ RPM)",Virgin,VUST 86,Electronic; Hip Hop,Downtempo,2018-01-01
617727,Bernard Purdie,Soul Is... Pretty Purdie,1972,"Vinyl (LP, Album)",Flying Dutchman,FD-10154,Funk / Soul,Funk,2019-01-13
1456127,Bernie Worrell,Funk Of Ages,1990,"Vinyl (LP, Album)",Gramavision,R1 79460,Electronic; Jazz; Rock,Electro; Synth-pop,2026-04-26
104276,The Beta Band,Broke / Won,2001,"Vinyl (12"", Single)",Regal,REG 60,Electronic; Rock,Leftfield; Alternative Rock; Breaks; Downtempo,2017-10-21
3073820,Bibow Posse,Live Inna Dance Hall Style,1983,"Vinyl (LP, Album)",Gorgon Records,none,Reggae,Dub; Dancehall,2017-10-21
202463,Big Daddy Kane,Long Live The Kane,1988,"Vinyl (LP, Album)",Cold Chillin',925 731-1,Hip Hop,,2017-10-21
915261,Bill Haley And His Comets,Bill Haley On Stage,0,"Vinyl (LP, Album, Stereo)",Hallmark Records,SHM 694,Rock,Rock & Roll,2018-01-01
3043343,Bill Haley And His Comets,Rock Around The Clock,1970,"Vinyl (LP, Album, Compilation, Reissue, Mono)",Coral; Coral,CP 55; COP 1302,Rock,Rock & Roll,2018-01-01
1967845,Billy Cobham,Life & Times,1976,"Vinyl (LP, Album)",Atlantic,K50253,Jazz,Fusion,2017-10-28
598411,Billy Cobham,Magic,1977,"Vinyl (LP, Album, Repress)",CBS,CBS 82277,Jazz,Jazz-Rock; Fusion,2017-10-28
2502440,Billy Connolly,Billy Connolly,1977,"Vinyl (LP, Compilation)",Pickwick Records,SHM 927,"Non-Music; Folk, World, & Country",Comedy; Folk,2017-10-26
525886,Billy Crystal,You Look Marvelous,1986,"Vinyl (12"", 45 RPM, Single, Stereo)",A&M Records,AMY 353,Electronic; Funk / Soul,Electro,2017-10-28
1688821,Billy Preston,I Wrote A Simple Song,1971,"Vinyl (LP, Album)",A&M Records,AMLH 63507,Funk / Soul; Blues,Rhythm & Blues; Soul; Funk,2019-01-13
44287,Bizz Nizz,Don't Miss The Partyline,1990,"Vinyl (12"", 45 RPM)",Cooltempo,COOLX 203,Electronic,House,2017-10-21
167911,Black Box,Not Anyone,1995,"Vinyl (12"", 33 ⅓ RPM)",Mercury; Mercury,MERX 434; 856 957-1,Electronic,House,2017-10-21
4663,Black Dog Productions,Bytes,1993,"Vinyl (LP, Album)",Warp Records; Warp Records,WARP LP8; WARPlp8,Electronic,Abstract; Techno; Downtempo,2017-10-21
513824,Black Eyed Peas,Where Is The Love?,2003,"Vinyl (12"", 33 ⅓ RPM)",A&M Records; A&M Records,B000071411; B0000714-11,Hip Hop,,2017-10-21
1641405,Black Sabbath,Live At Last...,1980,"Vinyl (LP, Album)",Nems; Nems,BS 001; BS001,Rock,Heavy Metal; Blues Rock,2017-10-21
1197031,Black Sabbath,Sabotage,1975,"Vinyl (LP, Album, Stereo)",NEMS,9119 001,Rock,Hard Rock; Heavy Metal,2017-10-21
4235951,Black Sheep,A Wolf In Sheep's Clothing,1991,"Vinyl (LP, Album)",Mercury,848 368-1,Hip Hop,Conscious; Boom Bap,2017-10-21
1157989,Black Sheep,Without A Doubt,1994,"Vinyl (12"", 33 ⅓ RPM)",Mercury; Mercury,MERX 417; 856 339-1,Hip Hop,Conscious,2017-10-21
1401254,Black Uhuru,Iron Storm,1991,Vinyl (LP),Mesa (2),R1 79035,Reggae,Reggae-Pop,2017-10-21
537645,Blendcrafters,Blend Crafters Volume One,2004,"Vinyl (LP, Album)",Up Above Records,UPA 1009-1,Hip Hop,Instrumental,2019-01-13
391938,Blind Faith (2),Blind Faith,1969,"Vinyl (LP, Album, Stereo)",Polydor; Polydor,583 059; 583059,Rock,Blues Rock; Psychedelic Rock,2017-10-21
5152568,The Blockheads,Same Horse Different Jockey,2013,Vinyl (LP),Blockhead,BLOX008,Rock; Funk / Soul,,2018-07-01
229449,Blondie,Parallel Lines,1978,"Vinyl (LP, Album)",Chrysalis,CDL 1192,Rock,New Wave; Pop Rock; Synth-pop; Disco,2017-10-21
95812,Blue Pearl,Mother Dawn Remixes,1992,"Vinyl (12"", 33 ⅓ RPM)",Big Life,BLRR 73,Electronic,Dub; Downtempo; Ambient,2019-01-13
7764632,Bob Dylan,Blonde On Blonde,2015,"Vinyl (LP, Album, Reissue, Repress, Mono)",Columbia; Legacy; Sony Music,C2L 41; 88875146311; 88875146311,Rock,Folk Rock,2017-10-29
2306941,Bob Dylan,Blood On The Tracks,1975,"Vinyl (LP, Album, Stereo)",Columbia,PC 33235,Rock,Folk Rock; Acoustic; Ballad,2017-10-29
5548942,Bob Dylan,Self Portrait,1970,"Vinyl (LP, Album)",CBS; CBS,66250; C2X 30050,Rock,Folk Rock,2017-10-29
1595988,Bob James,All Around The Town,1981,"Vinyl (LP, Album)",Columbia; Tappan Zee Records,C2X 36786; C2X 36786,Jazz,Fusion,2018-10-07
594069,Bob James,Lucky Seven,1979,"Vinyl (LP, Album, Stereo)",CBS; Tappan Zee Records,CBS 83729; S CBS 83729,Jazz,Fusion; Smooth Jazz,2026-04-26
5033787,Bob James,One,2013,"Vinyl (LP, Album, Reissue)",Music On Vinyl,MOVLP655,Jazz,Fusion; Jazz-Funk; Contemporary Jazz,2018-10-07
3197491,Bob James,Sign Of The Times,0,"Vinyl (LP, Album, Reissue)",Tappan Zee Records; Columbia,PC 37495; PC 37495,Jazz; Funk / Soul,Soul-Jazz; Fusion; Jazz-Funk; Easy Listening; Contemporary Jazz,2026-04-26
254716,Bob James,Three,1976,"Vinyl (LP, Album)",CTI Records,CTI 6063,Jazz,Fusion; Jazz-Funk,2018-10-07
716065,Bob James,Touchdown,1978,"Vinyl (LP, Album, Repress, Stereo)",Tappan Zee Records; Columbia,JC 35594; JC 35594,Jazz; Funk / Soul,Smooth Jazz; Fusion,2018-10-07
8699584,Bob James,Two,1975,"Vinyl (LP, Album, Stereo)",CTI Records; CTI Records,CTI 6057S1; CTI 6057 S1,Jazz,Fusion; Jazz-Funk,2018-10-07
1158951,Bob Marley,Riding High,1984,"Vinyl (LP, Compilation)",Everest Records (5),CBR 1004,Reggae,Reggae; Roots Reggae,2019-01-13
594683,Bob Marley & The Wailers,Babylon By Bus,1978,"Vinyl (LP, Album, Stereo)",Island Records,ISLD 11,Reggae,Reggae,2019-01-13
525689,Bob Marley & The Wailers,Exodus,1977,"Vinyl (LP, Album)",Island Records,ILPS 9498,Reggae,Roots Reggae; Reggae; Soul,2019-01-13
2887342,Bob Marley & The Wailers,Kaya,1978,"Vinyl (LP, Album)",Island Records,25821 XOT,Reggae,Roots Reggae,2019-01-13
199093,Bobby Brown,Don't Be Cruel,1989,"Vinyl (12"", 45 RPM, Single, Stereo)",MCA Records,MCAT 1310,Electronic; Hip Hop; Funk / Soul,Contemporary R&B; Synth-pop,2017-10-21
5302154,Bobby McFerrin,"Don't Worry, Be Happy",1988,"Vinyl (12"", Maxi-Single, 45 RPM, Stereo)",EMI-Manhattan Records; EMI-Manhattan Records,14 2029286; 14 2028916,Jazz; Pop,Vocal; Easy Listening,2019-01-13
2870624,Bobby McFerrin,Spontaneous Inventions,1986,"Laserdisc (12"", Single Sided, Album, NTSC)",Pioneer Artists Signature,PS-87-015,Jazz; Funk / Soul,,2019-01-13
115764,"Bomb The Bass, Carlton",One To One Religion,1995,"Vinyl (12"", 33 ⅓ RPM, Single)",4th & Broadway; 4th & Broadway; Stoned Heights; Stoned Heights,12 BRW 313; 854 251-1; 12 BRW 313; 854 251-1,Electronic; Hip Hop,Breakbeat; Dub; Electro,2017-10-21
432517,Bone Thugs-N-Harmony,1st Of Tha Month,1995,"Vinyl (12"", 33 ⅓ RPM, Single)",Epic; Ruthless Records,662517 6; 662517 6,Electronic; Hip Hop,Downtempo; Gangsta; Drum n Bass,2017-10-21
2056641,Booker T & The MG's,Up Tight (Music From The Score Of The Motion Picture),1969,"Vinyl (LP, Album, Mono)",Stax,XATS 1005,Funk / Soul; Stage & Screen,Soundtrack; Rhythm & Blues; Funk,2017-10-21
224271,Bootsy Collins,Ultra Wave,1980,"Vinyl (LP, Album)",Warner Bros. Records,BSK 3433,Funk / Soul,P.Funk; Disco,2017-10-21
4476416,Bootsy's Rubber Band,"Ahh...The Name Is Bootsy, Baby! ",1977,"Vinyl (LP, Album)",Warner Bros. Records,HWBS 321-140,Funk / Soul,P.Funk,2017-10-21
6866351,Bootsy's Rubber Band,Bootzilla,1978,"Vinyl (12"", 45 RPM, Limited Edition)",Warner Bros. Records,K 17196,Funk / Soul,P.Funk,2017-11-01
8897292,Bootsy's Rubber Band,Stretchin' Out In Bootsy's Rubber Band,1976,"Vinyl (LP, Album)",Warner Bros. Records,BS 2920,Funk / Soul,P.Funk,2017-10-21
538206,Bootsy's Rubber Band,This Boot Is Made For Fonk-n,1979,"Vinyl (LP, Album)",Warner Bros. Records,BSK 3295,Funk / Soul,P.Funk; Psychedelic,2017-10-21
799799,Brass Construction,Brass Construction II,1976,"Vinyl (LP, Album, Stereo)",United Artists Records,UA-LA677-G,Funk / Soul,Jazz-Funk; Funk; Disco,2017-10-21
8254426,Bread,Bread,1976,"Vinyl (LP, Album, Reissue)",Elektra,K42029,Rock,Soft Rock,2017-10-21
4356686,Bread,The Sound Of Bread - Their 20 Finest Songs,1977,"Vinyl (LP, Album, Compilation)",Elektra; Elektra,K52062; K 52062,Rock,Soft Rock; Pop Rock; Classic Rock,2017-10-21
146286,Break Machine,Are You Ready (Special Re-mixed Version),1984,"Vinyl (12"", 45 RPM, Stereo)",Record Shack Records; Record Shack Records,SOHOT 24; SOHO(T) 24,Electronic; Hip Hop,Breaks; Electro,2017-10-21
654126,Breakestra,Hit The Floor,2005,"Vinyl (LP, Album, Stereo)",Ubiquity,URLP 178,Hip Hop; Funk / Soul,Funk,2017-10-21
554943,Breakestra,The Live Mix Part 2,2001,"Vinyl (LP, Mixed)",Rapster Records,RR0003 LP,Funk / Soul,Funk,2017-10-21
1464641,The Brecker Brothers,Back To Back,1976,"Vinyl (LP, Album)",Arista,AL 4061,Jazz,Jazz-Funk,2017-10-21
2059412,Brian Eno,Fractal Zoom,1992,"Vinyl (12"", Promo, 33 ⅓ RPM)",Warner Bros. Records; Warner Bros. Records,SAM 1043; W0116T,Electronic,Techno; Ambient,2017-11-02
2024880,"Brian Eno, Daniel Lanois, Roger Eno",Apollo (Atmospheres & Soundtracks),1983,"Vinyl (LP, Album)",EG,813 535-1 Y,Electronic,Ambient,2017-11-02
1765504,Buddy Miles,More Miles Per Gallon,1975,"Vinyl (LP, Album)",Casablanca,NBLP 7019,Funk / Soul,Blues Rock; Soul; Funk; Disco,2019-01-13
633002,The Budos Band,The Budos Band,2005,"Vinyl (LP, Album, Stereo)",Daptone Records,DAP-005,Funk / Soul,Funk; Afrobeat,2017-10-21
424423,C-Mon & Kypski,Static Traveller EP,2004,"Vinyl (12"", EP)",Supertracks Records,ST-1022,Electronic,Abstract; Downtempo; Breakbeat,2017-10-28
2932977,Cameo,Single Life,1985,"Vinyl (12"", 45 RPM, Promo)",Club,JABX DJ 21,Electronic; Funk / Soul,Synth-pop; Funk,2017-10-21
115742,Carl Cox,I Want You (Forever),1991,"Vinyl (12"", 45 RPM, Stereo)",Perfecto,PT 44886,Electronic,Breakbeat; Hardcore,2017-10-26
1248618,Carmen McRae,Just A Little Lovin',0,"Vinyl (LP, Album, Reissue)",Atlantic,SD 1568,"Jazz; Rock; Funk / Soul; Pop; Folk, World, & Country",Ballad; Country Rock; Soul-Jazz; Soul; Vocal,2019-01-13
12133255,Carole King,Her Greatest Hits,0,"Vinyl (LP, Compilation, Reissue)",Epic; Ode Records (2),EPC 32345; EPC 32345,Rock,Folk Rock; Pop Rock,2018-10-06
461166,Carole King,Tapestry,1971,"Vinyl (LP, Album)",A&M Records; Ode Records (2),AMLS 2025; AMLS 2025,Rock,Folk Rock; Pop Rock,2018-10-06
42789,Carolyn Harding,Pick It Up,1995,"Vinyl (12"", 33 ⅓ RPM)",BPM King Street Sounds,KSS 1026,Electronic,House; Garage House,2018-01-01
1919516,Carpenters,A Kind Of Hush,1976,"Vinyl (LP, Album)",A&M Records,AMLK 64581,Pop,Pop Rock,2017-10-21
396260,Carpenters,The Singles 1969-1973,1973,"Vinyl (LP, Album, Compilation, Stereo)",A&M Records,AMLH 63601,Pop,Easy Listening,2017-10-21
2590168,Cash Money & Marvelous,Play It Kool / Ugly People Be Quiet,1987,"Vinyl (12"", 33 ⅓ RPM, Promo)",Sleeping Bag Records,SLX-31,Hip Hop,,2017-10-21
893239,Ce Ce Peniston,Thought 'Ya Knew,1994,"Vinyl (LP, Album)",A&M Records,540 201-1,Electronic,House,2019-01-13
106504,Chad Jackson,Hear The Drummer (Get Wicked),1990,"Vinyl (12"", 45 RPM)",Big Wave (2),BWRT 36,Electronic,Breakbeat; Breaks,2018-07-01
11913185,Chad Jackson,Hear The Drummer (Get Wicked),1990,"Vinyl (12"", Single, 45 RPM)",RCA; Big Wave (2),BWRT 36; BWRT 36,Electronic; Hip Hop,Breakbeat,2019-01-13
146387,Chaka Khan,I Feel For You,1984,"Vinyl (12"", 45 RPM, Single)",Warner Bros. Records; Warner Bros. Records; Warner Bros. Records,W 9209 T; W 9209 (T); 920249-0,Electronic; Funk / Soul,Disco,2018-10-06
201130,Chaka Khan,Life Is A Dance - The Remix Project,1989,"Vinyl (LP, Compilation, Stereo)",Warner Bros. Records; Warner Bros. Records,925 946-1; WX 268,Funk / Soul,Garage House; Downtempo; Disco,2018-10-06
7751706,Chaka Khan,What Cha' Gonna Do For Me,1981,"Vinyl (LP, Album)",Warner Bros. Records,HS 3526,Funk / Soul,Rhythm & Blues; Soul,2017-10-21
5164699,Charlie Parker,The Definite Charlie Parker Vol. 3,1967,"Vinyl (LP, Compilation, Stereo)",Verve Records,711 067,Jazz,Bop,2019-01-13
2570065,Charlie Parker,Vol 4 'Jazz At Massey Hall',1967,"Vinyl (LP, Album, Reissue)",Saga Eros,ERO 8031,Jazz,Bop,2019-01-13
2543313,Cheech & Chong,Get Out Of My Room,1985,"Vinyl (LP, Album)",MCA Records,MCA 5677,Rock; Non-Music,Acoustic; Comedy,2017-10-21
17506,The Chemical Brothers,Leave Home,1995,"Vinyl (12"", 33 ⅓ RPM, Single)",Freestyle Dust; Virgin; Junior Boy's Own,CHEMSTX1; 7243 8 92936 6 1; CHEMSTX1,Electronic,Breakbeat; Big Beat; Techno,2017-10-21
100005,Chic,Le Freak,1978,"Vinyl (12"", 45 RPM, Maxi-Single, Limited Edition)",Atlantic; Atlantic,ATL 20 126; ATL 20126,Funk / Soul,Disco,2017-10-21
19008409,Children of Zeus,Balance,2021,"Vinyl (LP, Album)",First Word Records,FW230,Funk / Soul,Soul; Contemporary R&B,2024-07-16
4606416,Christian Marclay,Groove,2013,"Vinyl (12"", 45 RPM, Limited Edition, Special Cut)",The Vinyl Factory,VF076,Electronic; Non-Music,Experimental,2019-01-13
726207,Christina Aguilera,Ain't No Other Man,2006,"Vinyl (12"", 33 ⅓ RPM, Single)",RCA,82876-86851-1,Funk / Soul; Pop,Contemporary R&B,2019-01-13
1165994,Chuck Brown & The Soul Searchers,Bustin' Loose (Parts 1 & 2),1985,"Vinyl (12"", 45 RPM, Single)",Source Records (4); Source Records (4),12 SOURCE 1; 12SOURCE 1,Funk / Soul,Go-Go,2017-10-21
1121149,Chuck Brown & The Soul Searchers,Funk Express,1980,"Vinyl (LP, Album, Stereo)",Source Records (4),SOR-3234,Funk / Soul,Funk,2017-10-21
4019706,Chuck Brown & The Soul Searchers,Live - D.C. Bumpin' Y'All,1987,Vinyl (LP),Flame Records; Flame Records; Rhythm King,MELT LPR3; MELT LP3; MELT LPR3,Hip Hop,Go-Go,2017-10-21
470912,The Clash,London Calling,1979,"Vinyl (LP, Album, Stereo)",CBS; CBS,CBS CLASH 3; S CBS Clash 3,Rock,Punk; New Wave,2017-10-26
1804255,The Clash,London Calling And Armagideon Time,1979,"Vinyl (12"", 45 RPM, Single, Stereo)",CBS; CBS,12-8087; S CBS 12 8087,Rock,Punk; New Wave; Dub,2017-10-28
6215771,The Clash,Sandinista!,1980,"Vinyl (LP, Album); Box Set",CBS,LP3S-114,Rock; Reggae,Rock & Roll; Dub; Punk; New Wave,2017-10-26
456552,The Clash,The Clash,0,"Vinyl (LP, Album, Reissue, Stereo)",CBS; CBS,CBS 82000; S CBS 82000,Rock,Punk,2017-10-28
3673,Coco Steel & Lovebomb,Set Me Free!,1994,"Vinyl (12"", 33 ⅓ RPM)",Warp Records; Warp Records; Warp Records; Warp Records,WAP 47; wap 47; Wap 47; wap47,Electronic,House,2017-10-21
492815,"Cold Crush Brothers, Michael G",B Boy Sampler,1988,"Vinyl (12"", Test Pressing)",Westside Records (2),PROMO 501,Hip Hop,,2017-10-21
54355,Coldcut,Atomic Moog 2000 / Boot The System,1997,"Vinyl (12"", Single, 33 ⅓ RPM)",Ninja Tune; Ninja Tune,zen 1248; ZEN 1248,Electronic,Breakbeat; Future Jazz; Trip Hop,2017-10-21
24791,Coldcut,More Beats + Pieces,1997,"Vinyl (12"", 33 ⅓ RPM, 45 RPM)",Ninja Tune,ZEN 1258R,Electronic; Hip Hop,Breakbeat; Drum n Bass; Downtempo,2017-10-21
66851,"Coldcut, Hexstatic",Timber,1998,"Vinyl (12"", Promo, Single, Numbered)",Ninja Tune,ZEN 1265 X,Electronic; Hip Hop,Downtempo; Experimental,2017-10-21
8001265,"Cole Porter, George Gershwin",Favorite Composers Vol.1,0,"Vinyl (LP, Stereo)",Polydor,184 002,Jazz,Big Band,2019-01-13
503501,Common,Be (Instrumentals),2005,"Vinyl (LP, Album, Limited Edition)",Getting Out Our Dreams; Geffen Records,B0005032-01; B0005032-01,Hip Hop,Instrumental,2017-10-26
9881149,Common,Resurrection,1997,"Vinyl (LP, Album, Repress)",Relativity,88561-1208-1,Hip Hop,Conscious,2017-10-26
3003104,Count Basie,Count Basie,1969,"Vinyl (LP, Album, Stereo)",Saga Eros; Saga (5),EROS 8131; EROS 8131,Jazz,Big Band,2017-10-21
824757,Count Basie Orchestra,Sugar Hill Shuffle,1973,"Vinyl (LP, Compilation, Mono)",Windmill (3),WMD 197,Jazz,Big Band,2017-10-21
1358659,Cream (2),Disraeli Gears,1967,"Vinyl (LP, Album, Mono)",Reaction; Reaction,593 003; 593003,Rock,Psychedelic Rock; Blues Rock,2020-01-31
4928202,Cream (2),Fresh Cream,1966,"Vinyl (LP, Album, Mono)",Reaction,593001,Rock; Blues,Blues Rock; Electric Blues,2017-10-21
1344975,Cream (2),Goodbye,1969,"Vinyl (LP, Album, Stereo)",Polydor,583 053,Rock,Blues Rock; Hard Rock; Psychedelic Rock,2017-10-28
1992751,"Crosby, Stills & Nash","Crosby, Stills & Nash",1971,"Vinyl (LP, Album, Stereo)",Atlantic; Atlantic,588189; K40033,"Rock; Folk, World, & Country",Folk Rock; Classic Rock,2017-10-21
2986985,"Crosby, Stills, Nash & Young",4 Way Street,1971,"Vinyl (LP, Album, Misprint, Stereo)",Atlantic,SD 2-902,"Rock; Folk, World, & Country",Folk Rock; Acoustic,2017-10-21
2565021,"Crosby, Stills, Nash & Young",Déjà Vu,0,"Vinyl (LP, Album, Reissue)",Atlantic,K 50001,Rock,Folk Rock; Country Rock; Classic Rock,2017-10-28
1216942,The Crusaders,Street Life,1979,"Vinyl (LP, Album)",MCA Records,MCA 4048,Funk / Soul,Disco,2017-10-28
90681,Cry Sisco!,Afro Dizzi Act,1988,"Vinyl (12"", 45 RPM, Stereo)",Escape Records,AWOLT 1,Electronic,House,2017-10-21
674010,Cult Status,The Question,1994,"Vinyl (12"")",Music Institute Records,MI 71005,Electronic,House; Techno,2017-10-21
297692,Culture Club,Do You Really Want To Hurt Me,1982,"Vinyl (7"", 45 RPM, Single, Stereo)",Virgin; Virgin,VS 518; VS518,Pop,New Wave; Reggae-Pop,2018-08-27
2152806,The Cure,Standing On A Beach - The Singles,1986,"Vinyl (LP, Compilation)",Polydor,829 239-1,Electronic; Rock,Alternative Rock; New Wave; Post-Punk,2017-10-26
6567792,Curtis Mayfield,Honesty,1982,"Vinyl (LP, Album)",The Boardwalk Entertainment Co,NB 33256-1,Funk / Soul,Soul,2019-01-13
204063,Curtis Mayfield,"No Goodbyes / Party, Party",1978,"Vinyl (12"", 45 RPM, Single, Limited Edition, Special Edition, Stereo)",Curtom,LV 1,Funk / Soul,Soul; Funk; Disco,2019-01-13
6015377,Curtis Mayfield,Super Fly,1972,Vinyl (LP),Buddah Records; Buddah Records,2318 065 A; 2318 065 L,Funk / Soul; Stage & Screen,Soul; Funk; Soundtrack,2019-01-13
8906827,Curtis Mayfield,Superfly,2016,"Vinyl (LP, Album, Limited Edition, Reissue)",Rhino Records (2); Curtom,R1 524044; R1 524044,Funk / Soul; Stage & Screen,Soundtrack; Soul; Funk,2019-01-13
2111119,Curtis Mayfield,Sweet Exorcist,2002,"Vinyl (LP, Album, Reissue)",Get Back,GET 8015,Funk / Soul,Soul; Funk,2019-01-13
2527122,Cut Chemist,The Litmus Test EP,2010,"Vinyl (12"", EP, Mixed, Repress)",A Stable Sound,ASS-001,Hip Hop,Cut-up/DJ,2017-10-21
2558137,Cymande,Cymande,1999,"Vinyl (LP, Album, Reissue)",Sequel Records,NEMLP 428,Rock; Reggae; Funk / Soul,Blues Rock; Roots Reggae; Soul,2017-10-28
411522,Cymande,Second Time Round,1973,"Vinyl (LP, Album, Stereo)",Janus Records,JLS 3054,"Jazz; Rock; Reggae; Funk / Soul; Folk, World, & Country",Funk; Bayou Funk,2017-10-28
312278,Cypress Hill,Cypress Hill,1994,"Vinyl (LP, Album, Reissue, Repress)",Columbia; Ruffhouse Records,COL 468893 1; 468893 1,Hip Hop,Gangsta; Conscious,2017-10-28
9929675,Cypress Hill,I Ain't Goin' Out Like That,2000,"Vinyl (12"", 45 RPM, Single, Repress)",Ruffhouse Records; Columbia,659690 6; 01-659690-20,Hip Hop,,2017-10-28
418080,Cypress Hill,Illusions,1996,"Vinyl (12"", 45 RPM)",Ruffhouse Records; Columbia; Buzz Tone Entertainment,662905 6; 662905 6; 662905 6,Hip Hop,,2017-10-28
2181604,Cypress Hill,Throw Your Set In The Air,1995,"Vinyl (12"", 45 RPM)",Ruffhouse Records; Columbia,662354 6; 01-662354-21,Hip Hop,Boom Bap,2017-10-28
771924,"D-Styles, Mike Boo, Toadstyle, Excess (2), Ricci Rucker",Bastrd Language Tour Official Show Vinyl,2004,"Vinyl (12"", 33 ⅓ RPM, Stereo)",Epitome Of Fresh,EOF-004,Hip Hop,DJ Battle Tool,2017-10-21
216129,D-Train,Music,1983,"Vinyl (12"", 33 ⅓ RPM)",Prelude Records,PRL D 654,Electronic,Disco,2017-10-29
479599,D.A.M.N.,Da Soul's Da Rebel,1992,"Vinyl (12"", 33 ⅓ RPM, Maxi-Single)",Provogue,PRM 20321,Hip Hop,,2017-10-29
6736271,"D'Angelo, The Vanguard (3)",Black Messiah,2015,"Vinyl (LP, Album)",RCA; Sony Music,88875 05655 1; 88875 05655 1,Funk / Soul; Blues,Soul; Funk; Neo Soul,2024-07-16
110243,D*Note,Criminal Justice,1995,"Vinyl (12"", 33 ⅓ RPM)",Dorado,DOR031,Electronic,Drum n Bass; Jungle,2017-10-29
44578,D*Note,Waiting Hopefully,1997,"Vinyl (12"", 33 ⅓ RPM)",VC Recordings; VC Recordings,VCRT 21; 724389434569,Electronic,House,2017-10-29
1396129,D12,Fight Music,2001,"Vinyl (12"", 33 ⅓ RPM, Single)",Shady Records; Interscope Records,497 652-1; 497 652-1,Hip Hop,Hardcore Hip-Hop,2017-10-29
1429144,Da Brat,Funkdafied,1994,"Vinyl (12"", 45 RPM)",Columbia,660921 6,Hip Hop,G-Funk,2017-10-28
506084,Daddy Freddy,Pain Killa,1994,"Vinyl (12"", 33 ⅓ RPM)",Music Of Life,NOTE 069,Electronic; Reggae,Big Beat; Ska,2017-10-29
2861081,Daedelus,Bespoke,2011,"Vinyl (LP, Album, Limited Edition)",Ninja Tune,ZEN169,Electronic,Abstract; Downtempo; Experimental,2017-10-28
1378277,Daedelus,Love To Make Music To,2008,"Vinyl (LP, Album, Limited Edition)",Ninja Tune,ZEN142,Electronic; Hip Hop; Jazz; Rock; Funk / Soul,Leftfield; Latin; Crunk; Italo-Disco; Experimental; Synth-pop; Funk,2017-10-28
104921,"Dan Hartman, Loleatta Holloway",Keep The Fire Burnin',1994,"Vinyl (12"", 33 ⅓ RPM)",Columbia; Columbia; Columbia,COL 661155 6; 661155 6; 01-661155-20,Electronic,House; Garage House,2018-01-01
554724,Danger Doom,The Mouse And The Mask,2005,"Vinyl (LP, Album, Stereo)",Lex Records,LEX036LP,Hip Hop,Conscious,2017-10-29
651575,Danger Mouse,The Grey Album,2004,"Vinyl (LP, Album, Promo, Unofficial Release)",Not On Label (Danger Mouse),DM016257,Hip Hop,Cut-up/DJ; Gangsta; Hip Hop,2017-10-29
316913,"Danger Mouse, Jay-Z",The Grey Album,2004,"Vinyl (LP, Album, Unofficial Release, White Label)",Not On Label (Danger Mouse),none,Hip Hop,Cut-up/DJ,2017-10-29
397258,Darkman,Brand New Day,1995,"Vinyl (12"", 33 ⅓ RPM)",Wildcard,577189-1,Electronic; Hip Hop,Jungle,2017-10-29
819470,Darkman,Who's The Darkman?,1994,"Vinyl (12"", Single, 33 ⅓ RPM)",Wildcard; Wildcard,CARDX8; 853489-1,Hip Hop,,2017-10-29
484624,Darlene Lewis,Lift You Up,1994,"Vinyl (12"", White Label)",KMS,KMS DJ 10,Electronic,House; Techno,2019-01-13
1563332,Darts,The Amazing Darts,1978,"Vinyl (LP, Compilation)",K-Tel; Magnet (2),DLP 7981; DLP 7981,Rock; Pop,Doo Wop,2017-10-21
3341872,Dave Brubeck,Dave Brubeck's Greatest Hits,1966,"Vinyl (LP, Compilation, Mono)",CBS; CBS,BPG 62710; 62710,Jazz,Cool Jazz,2017-10-21
1544469,The Dave Clark Five,The Best Of The Dave Clark Five,0,"Vinyl (LP, Compilation, Reissue, Repress, Stereo)",Starline; Starline; Regal; Regal,SRS 5037; 1E 048 ◦ 91731; SRS 5037; 1E 048 ◦ 91731,Rock,Pop Rock; Classic Rock,2017-10-26
679324,David Axelrod,Earth Rot,1970,"Vinyl (LP, Album)",Capitol Records,SKAO-456,Jazz; Rock,Psychedelic Rock,2026-04-26
26339390,David Axelrod,Heavy Axe,2023,"Vinyl (LP, Album, Reissue)",Fantasy,CR00521,Jazz; Rock,Fusion; Jazz-Funk; Psychedelic Rock,2026-04-26
11889255,David Axelrod,Song Of Innocence,2018,"Vinyl (LP, Album, Record Store Day, Reissue)",Capitol Records; Now-Again Records; Now-Again Records; Universal Music Special Markets,B0028035-01; NA 5165; NA 5165-LP-ST; B0028035-01,Jazz; Rock,Jazz-Funk; Psychedelic Rock; Fusion,2024-07-16
1139477,David Bowie,Aladdin Sane,1973,"Vinyl (LP, Album, Stereo)",RCA Victor,LSP-4852,Rock,Classic Rock; Glam,2017-10-21
470914,David Bowie,ChangesOneBowie,1976,"Vinyl (LP, Compilation)",RCA; RCA Victor,RS 1055; RS 1055,Rock,Pop Rock; Soul; Glam,2017-10-21
3538833,David Bowie,Station To Station,1976,"Vinyl (LP, Album)",RCA; RCA; RCA Victor,APL1-1327; APLI-1327; APL1 1327,Rock; Funk / Soul,Alternative Rock; Krautrock; Soul; Funk; Glam,2017-10-21
369061,David Bowie,The Rise And Fall Of Ziggy Stardust And The Spiders From Mars,1980,"Vinyl (LP, Album, Reissue)",RCA International; RCA International,INTS 5063; NL 13843,Rock,Glam,2017-10-21
236409,David Byrne,"Songs From ""The Catherine Wheel""",1981,"Vinyl (LP, Album, Stereo)",Sire,SRK 3645,Electronic; Rock; Stage & Screen,New Wave; Abstract; Score; Art Rock,2017-10-21
9139287,De La Soul,///Art Official Intelligence: Mosaic Thump,2000,"CD (Album, Unofficial Release)",Not On Label (De La Soul),none,Hip Hop,Conscious,2017-10-29
3715185,De La Soul,3 Feet High And Rising,1989,"Vinyl (LP, Album)",Big Life; Big Life; Tommy Boy,DLSLP 1; DLS LP1; DLSLP 1,Hip Hop,Conscious,2017-10-29
3886077,De La Soul,4 New Remixes,1989,"Vinyl (12"", 45 RPM)",Big Life,BLR 14R,Hip Hop,Conscious,2017-10-29
8969133,De La Soul,And The Anonymous Nobody,2016,"Vinyl (LP, Album, Limited Edition)",AOI Records,AOI001VLK,Hip Hop,Conscious,2017-10-29
334088,De La Soul,Shopping Bags (She Got From You),2004,"Vinyl (12"", 45 RPM)",Sanctuary Urban,SANTW326,Hip Hop,,2017-10-29
3183447,De La Soul,Stakes Is High,1996,"Vinyl (LP, Album, Stereo)",Tommy Boy,TBV 1149,Hip Hop,,2017-10-29
3536286,"De La Soul, Plug 1, Plug 2, First Serve",First Serve,2012,"Vinyl (LP, Album)",Jesgrew Records; [PIAS] Recordings,PIASR290LP; PIASR290LP,Hip Hop,,2017-10-29
1141517,Deee-Lite,Groove Is In The Heart,1996,"Vinyl (12"", 45 RPM, Reissue)",Elektra; WEA,EKR 114 T; 7559-66613-0,Electronic; Hip Hop; Jazz; Funk / Soul; Pop,House; Disco; Downtempo; Jazzy Hip-Hop; Dance-pop; Funk,2017-10-29
1138879,Deee-Lite,Infinity Within,1992,"Vinyl (LP, Album)",Elektra,61313-1,Electronic,House; Disco,2017-10-29
1016561,Deee-Lite,World Clique,1990,"Vinyl (LP, Album, Stereo)",Elektra,9 60957-1,Electronic; Funk / Soul,House; Funk,2017-10-29
28208,Deejay Punk-Roc,Far Out,1998,"Vinyl (12"", 33 ⅓ RPM, 45 RPM, Single)",Independiente,ISOM 17T,Electronic,House; Electro,2017-10-29
2232376,Def Leppard,On Through The Night,1980,"Vinyl (LP, Album)",Vertigo,6360 180,Rock,Hard Rock; Heavy Metal,2017-10-29
131128,Definition Of Sound,Child,1996,"Vinyl (12"", 45 RPM, Single)",Fontana; Fontana; Fontana,DOSX 3; DOSX3; 852 629-1,Electronic,House; Deep House; Progressive House,2017-10-29
89474,Definition Of Sound,Pass The Vibes (Sanchez / Todd Terry Remixes),1995,"Vinyl (12"", 33 ⅓ RPM)",Fontana; Fontana,DOSX 2; 852 407-1,Electronic,House,2017-10-29
396824,Definition Of Sound,Wear Your Love Like Heaven,1991,"Vinyl (12"", 33 ⅓ RPM, Single, Promo)",Cardiac Records,3-4015-0-DJ,Electronic; Hip Hop,House; Hip Hop,2017-10-29
154237,Del Tha Funkee Homosapien,Mistadobalina,1991,"Vinyl (12"", 45 RPM)",Elektra,EKR 142 T,Hip Hop,Conscious,2017-10-29
41122,Depth Charge,Goal,1990,"Vinyl (12"", 33 ⅓ RPM, 45 RPM, Stereo)",Vinyl Solution,STORM 19,Electronic,Breakbeat,2017-10-29
42674,Depth Charge,Nine Deadly Venoms,1994,"Vinyl (12"", 33 ⅓ RPM, Album)",Vinyl Solution,STEAM 100,Electronic,Downtempo; Breaks; Trip Hop,2017-10-29
397242,Des'ree,You Gotta Be (Mixes),1995,"Vinyl (12"", 33 ⅓ RPM, Stereo)",Sony Soho Square; Dusted Sound Recordings,661321 6; 661321 6,Electronic,Downtempo,2017-10-29
86281,Diana Ross,Take Me Higher,1995,"Vinyl (12"")",EMI United Kingdom; EMI United Kingdom; EMI United Kingdom; EMI United Kingdom,12 EM 388; 12EM 388; 7243 8 82386 6 3; 8 82386 6,Electronic,Progressive House; House; Techno,2019-09-29
1634268,"Diana Ross, Marvin Gaye",Diana & Marvin,1981,"Vinyl (LP, Album, Reissue)",Tamla Motown; Tamla Motown,STMS 5001; 0C 054-94 881,Funk / Soul,Soul,2019-09-29
645821,Digable Planets,Beyond The Spectrum: The Creamy Spy Chronicles,2005,"Vinyl (LP, Album, Compilation, Remastered)",Blue Note; Blue Note,BTE 12092; BTE 12092 0946 3 12092 1 5,Hip Hop,Conscious; Jazzy Hip-Hop; Boom Bap,2017-10-29
606448,Dilated Peoples,Poisonous,2003,"Vinyl (12"", Promo, 33 ⅓ RPM)",Capitol Records,SPRO 7087 6 18138 14,Hip Hop,,2017-10-29
439872,Dina Carroll,Express,1993,"Vinyl (12"", 33 ⅓ RPM)",A&M PM; A&M PM; A&M Records; 1st Avenue Records,580 263-1; 580263-1; 580263-1; 580263-1,Electronic,House; Garage House,2017-10-29
56719,Dina Carroll,So Close,1992,"Vinyl (12"", 33 ⅓ RPM)",A&M PM; A&M Records; 1st Avenue Records,AMY 0101; 580 101-1; 580 101-1,Electronic,House; Downtempo; Garage House,2017-10-29
2989822,Dizzee Rascal,Boy In Da Corner,2011,"Vinyl (LP, Album, Reissue)",XL Recordings,XLLP170,Electronic; Hip Hop,Grime,2017-10-29
359824,Dizzee Rascal,Dream / Trapped,2004,"Vinyl (12"")",XL Recordings,XLT 204,Electronic; Hip Hop,Grime,2017-10-29
1009349,Dizzee Rascal,Maths + English,2007,"Vinyl (LP, Album)",XL Recordings,XLLP 273,Electronic; Hip Hop,UK Garage; Grime,2017-10-29
586468,DJ Charm,Catalyst,1996,"Vinyl (EP, 12"")",Sugar Spliff,SSP002,Electronic; Hip Hop,Downtempo; Trip Hop,2017-10-21
23194,DJ Food,Refried Food Pts. 3 And 4,1996,"Vinyl (12"", 33 ⅓ RPM)",Ninja Tune; Ninja Tune,zen 21/3; zen 21/4,Electronic,Breakbeat; Drum n Bass; Downtempo; Acid,2017-11-04
466020,DJ Format,If You Can't Join 'Em... Beat 'Em,2005,"Vinyl (LP, Album)",Genuine; Genuine; Play It Again Sam [PIAS]; Play It Again Sam [PIAS],GEN 030DLP; GEN 030DLP 508.0030.012; 508.0030.012; GEN 030DLP 508.0030.012,Hip Hop,Cut-up/DJ; Conscious; Jazzy Hip-Hop; Instrumental; Trip Hop,2017-12-27
387362,DJ Infinity,Zone 6 / Eternal,1994,"Vinyl (12"", 33 ⅓ RPM)",Intellect Recordings,ITL 001,Electronic,Drum n Bass; Jungle,2018-07-01
60854,DJ Oji,The Paradox EP,1997,"Vinyl (12"", EP)",Basement Boys Records,BB014,Electronic,House,2019-01-13
2378833,DJ Premier,Golden Years Reloaded,2004,"CD (Compilation, Unofficial Release)",Golden Years,GYRL-310CD,Hip Hop; Jazz,,2019-01-13
1532876,DJ Premier,Unreleased Instrumentals Vol.10,2005,"Vinyl (LP, Unofficial Release)",Not On Label (DJ Premier),RBV-10,Hip Hop,,2019-01-13
395242,"DJ Riot, MC Peanut",Herb / Flacidashback,1994,"Vinyl (12"", 33 ⅓ RPM, Limited Edition, Promo)",Rogue Trooper,TROOP 003,Electronic,Breakbeat; Hardcore,2019-09-29
60688,DJ Shadow,Six Days,2002,"Vinyl (12"", 45 RPM, Single)",Island Records; Mo Wax; Island Records Group,12 IS 807; 063 961-1; 12 IS 807,Electronic; Hip Hop,Trip Hop,2017-10-21
1495319,Dobie Gray,Midnight Diamond,1978,"Vinyl (LP, Album)",Infinity Records (2),0062.501,Funk / Soul,Soul; Funk; Disco,2017-12-30
1600806,Don McLean,American Pie,1971,"Vinyl (LP, Album, Stereo)",United Artists Records,UAS 29285,Rock,Folk Rock; Acoustic,2019-01-13
94604,Don Pablo's Animals,Venus,1990,"Vinyl (12"", 45 RPM, Single)",Rumour Records; Rumour Records,RUMAT 18; rumat 18,Electronic,Euro House,2017-10-29
421097,Donna Allen,Real,1995,"Vinyl (12"", 33 ⅓ RPM, Single)",Epic; Epic Dance; Epic Soundtrax; Crescent Moon Records,661099 6; 661099 6; 661099 6; 661099 6,Electronic; Hip Hop; Funk / Soul,House; Downtempo; Contemporary R&B,2017-10-21
3296847,Donovan,Colours,1985,"Vinyl (LP, Compilation)",PRT,FBLP 8074,Pop,Ballad,2017-10-29
2224754,The Doobie Brothers,Farewell Tour,1983,"Vinyl (LP, Album)",Warner Bros. Records; Warner Bros. Records,9 23772-1 G; 1-23772,Rock,Pop Rock; Classic Rock,2017-10-29
167821,The Doobie Brothers,Listen To The Music,1994,"Vinyl (12"", 33 ⅓ RPM, Single, Stereo)",Warner Bros. Records; Warner Bros. Records,W 0228 T; 9362-41520-0,Electronic,Progressive House; House,2017-10-29
1826105,The Doobie Brothers,One Step Closer,1980,"Vinyl (LP, Album, Stereo)",Warner Bros. Records; Warner Bros. Records; Warner Bros. Records,K56824; HS 3452; K 56824,Rock,Rock & Roll; Classic Rock,2017-10-29
321364,Dr. Dre,The Chronic,1992,"Vinyl (LP, Album)",Interscope Records; Atlantic; Priority Records; EastWest Records America,7567-92233-1; 7567-92233-1; 7567-92233-1; 7567-92233-1,Hip Hop,Gangsta; G-Funk,2017-10-29
1100108,"Dr. Dre, Mack 10",Keep Their Heads Ringin' / Take A Hit,1995,"Vinyl (12"", 33 ⅓ RPM)",Priority Records; Virgin,PTYST 103; 7243 8 92893 6 7,Hip Hop,Gangsta,2017-10-29
1485128,Dr. Hook,Greatest Hits,1980,"Vinyl (LP, Album, Compilation, Stereo)",Capitol Records; Capitol Records; Capitol Records,E-ST 26037; EST 26037; OC 062-86 274,Rock; Pop,Pop Rock; Classic Rock,2018-02-03
1915870,Dr. Hook,Sometimes You Win,1979,"Vinyl (LP, Album, Stereo)",Capitol Records; Capitol Records; Capitol Records,E-ST 12018; EST 12018; OC 062-86 045,Rock; Pop,Pop Rock; Country Rock,2018-02-03
2276741,Dr. John,I Been Hoodood,1984,"Vinyl (LP, Compilation)",Edsel Records,ED 128,Jazz; Funk / Soul,Jazz-Funk; Bayou Funk,2017-10-29
5278570,Dr. John,In The Right Place,1973,"Vinyl (LP, Album, Test Pressing)",ATCO Records,SD 7018,Funk / Soul; Blues,Bayou Funk; Soul; Delta Blues,2017-10-29
97037,Dr. Octagon,Dr. Octagon,1996,"Vinyl (LP, Album)",Mo Wax; Mo Wax,MW046LP; 540 530-1,Hip Hop,Experimental,2017-10-29
2245217,Dr. Octagon,Instrumentalyst,1997,"Vinyl (LP, Album)",Bulk Recordings,none,Hip Hop,Instrumental,2017-10-29
423575,Dr. Robert,A Simpler Place And Time,1992,"Vinyl (12"", Single)",Regal Zonophone; Regal Zonophone,20 4782 6; 12RZ 4,Electronic; Funk / Soul; Pop,House,2017-10-29
4089828,The Drifters,Saturday Night At The Movies,1987,"Vinyl (12"", 45 RPM, Partially Mixed)",Creole Records,CRT 98,Funk / Soul,Soul,2017-10-29
2872634,"The Drifters, Ben E. King",The Very Best Of Ben E. King And The Drifters,1990,"Vinyl (LP, Compilation)",Telstar; Telstar,STAR2373; STAR 2373,Funk / Soul,Soul,2017-10-29
40393,Drizabone,Real Love,1995,"Vinyl (12"", 45 RPM)",4th & Broadway; 4th & Broadway,12 BRX 311; 854 221-1,Electronic,House; Deep House,2019-01-13
1419881,Dub Syndicate,Ital Breakfast,1996,"Vinyl (LP, Album)",On-U Sound,ON-U LP 84,Reggae,Dub; Reggae-Pop,2017-10-29
1950120,Duck & Cover Disco,Something For Your Mind,1995,"Vinyl (12"", 33 ⅓ RPM)",Indochina,ID 032T,Electronic,Progressive House; Hard House; Acid,2018-07-01
1439885,The Durutti Column,The Return Of The Durutti Column,1980,"Vinyl (LP, Album, Reissue, Repress)",Factory,FACT 14,Jazz; Rock,Avantgarde,2018-08-27
139561,Dynamic Syncopation,Dedicated,2000,"Vinyl (12"", 33 ⅓ RPM)",Ninja Tune,ZEN1296,Electronic; Hip Hop,Trip Hop; Hip Hop,2017-10-29
31117,Dynamic Syncopation,Ground Zero,1999,"Vinyl (12"", 33 ⅓ RPM)",Ninja Tune,ZEN 1282,Electronic; Hip Hop,Breaks; Abstract,2017-10-29
3731858,"Earth, Wind & Fire",All 'N All,0,"Vinyl (LP, Album, Reissue)",CBS,CBS 32266,Funk / Soul,Soul; Funk; Disco,2017-10-30
395461,"Earth, Wind & Fire",In The Stone,1979,"Vinyl (12"", 45 RPM, Single, Limited Edition, Stereo)",CBS; CBS,S CBS 13 8252; 13-8252,Electronic; Funk / Soul,Disco,2017-10-30
1325240,"Earth, Wind & Fire",Last Days And Time,1973,"Vinyl (LP, Album, Reissue)",Columbia; Columbia,C 31702; 31702,Funk / Soul,Soul; Funk,2017-10-30
849745,"Earth, Wind & Fire","The Best Of Earth, Wind & Fire Vol. I",1978,"Vinyl (LP, Compilation)",CBS; CBS; ARC (3),83284; S CBS 83284; FC 35647,Funk / Soul,Soul; Funk; Disco,2017-10-30
148960,Eazy-E,Eazy-Duz-It,1988,"Vinyl (LP, Album)",Ruthless Records; Priority Records; Ruthless Records; Priority Records,SL 57100; SL 57100; SL57100; SL57100,Hip Hop,Gangsta,2019-01-13
512037,Ebony Vibe Everlasting,Good Life,1995,"Vinyl (12"", 33 ⅓ RPM)",MCA Records; Gasoline Alley,MCST 2038; mcst 2038,Electronic; Funk / Soul,House; Contemporary R&B,2017-11-02
383250,Edan,Primitive Plus,2002,"Vinyl (LP, Album)",Lewis Recordings,LEWISLP001,Hip Hop,,2017-10-30
5427826,"Eddie Dunstedter, The Jingle Bells Orchestra",A White Christmas,0,"Vinyl (LP, Album, Reissue, Mono)",Music For Pleasure,MFP 1174,Jazz; Pop,Easy Listening; Holiday,2017-10-29
1624851,Electrafixion,Zephyr,1994,"Vinyl (12"", EP, Single)",WEA; WEA,YZ865 T; 4509-98259-0,Rock,Alternative Rock; Indie Rock,2017-11-02
4675627,Electric Coconut,Go Moog!,1973,Vinyl (LP),Music For Pleasure,MFP 50071,Electronic; Pop,Synth-pop,2018-01-01
3278976,Elkie Brooks,Rich Man's Woman,1975,"Vinyl (LP, Album)",A&M Records; A&M Records,AMLH.64554; SP-4554,Pop; Rock,Pop Rock,2017-10-21
1451581,Elton John,A Single Man,1978,"Vinyl (LP, Album)",The Rocket Record Company,9103 500,Rock,Pop Rock; Classic Rock,2017-11-02
2772372,Elton John,Captain Fantastic And The Brown Dirt Cowboy,1978,"Vinyl (LP, Album, Reissue, Stereo)",DJM Records (2); DJM Records (2),DJH 20500; DJLPX 1,Rock,Pop Rock; Classic Rock,2017-11-02
1418563,Elton John,Elton John Live 17-11-70,1977,"Vinyl (LP, Album, Reissue, Stereo)",Pickwick Records,SHM 942,Rock; Pop,Rock & Roll; Pop Rock,2017-11-02
1159800,Elvis Presley,Elvis' 40 Greatest,1974,"Vinyl (LP, Compilation)",Arcade; Arcade,ADEP 12; ADE P 12,Rock; Pop,Rock & Roll; Pop Rock; Ballad,2017-11-02
7329433,"Emerson, Lake & Palmer",Pictures At An Exhibition,1971,"Vinyl (LP, Album, Stereo)",Island Records,HELP 1,Rock,Prog Rock; Symphonic Rock,2017-11-02
404261,Eminem,Business,2003,"Vinyl (12"", 45 RPM)",Interscope Records; Aftermath Entertainment; Shady Records; Web Entertainment,9809383; 9809383; 9809383; 9809383,Hip Hop,Pop Rap,2017-11-02
640628,En Vogue,Funky Divas,1992,"Vinyl (LP, Album)",EastWest Records America,7567-92121-1,Funk / Soul,Contemporary R&B; New Jack Swing,2017-11-02
190468,En Vogue,Hold On,1990,"Vinyl (12"", 33 ⅓ RPM)",Atlantic,0-86234,Funk / Soul,Contemporary R&B,2017-11-02
1437316,En Vogue,Whatever,1997,"Vinyl (12"", 33 ⅓ RPM)",EastWest Records America,0-63933,Funk / Soul,Contemporary R&B,2017-11-02
3416732,"The English Strings, Frank Chacksfield & His Orchestra",Gypsy Violins,1966,"Vinyl (LP, Album, Mono)",Ace Of Clubs,ACL 1212,"Folk, World, & Country",,2018-01-01
334221,Eric B. & Rakim,I Know You Got Soul,1987,"Vinyl (12"", 45 RPM)",Cooltempo,COOL X 146,Hip Hop,Conscious,2017-11-02
2583699,Eric Burdon & The Animals,Winds Of Change,1967,"Vinyl (LP, Album, Stereo)",MGM Records; MGM Records; MGM Records,SE-4484; SE 4484; E/SE-4484,Rock,Psychedelic Rock,2017-10-21
2846173,Eric Delaney Band,Skin Ed Goes Skin Deep,1980,"Vinyl (LP, Album)",Norwood Records (2),none,Electronic; Jazz; Funk / Soul,Fusion; Disco; Funk; Big Band,2017-10-29
1361170,Eurythmics,1984 (For The Love Of Big Brother),1984,"Vinyl (LP, Album)",Virgin; Virgin,V1984; V 1984,Electronic; Rock; Pop; Stage & Screen,Synth-pop; Soundtrack,2017-11-02
9169726,Eurythmics,Savage,1987,"Vinyl (LP, Album, Misprint)",RCA,PL71555,Electronic; Rock; Pop,Pop Rock; Synth-pop,2017-11-02
466579,Eurythmics,There Must Be An Angel (Playing With My Heart),1985,"Vinyl (12"", 45 RPM, Single, Stereo)",RCA,PT 40248,Electronic,Synth-pop,2017-11-02
720841,The Everyday People,The Everyday People,1972,"Vinyl (LP, Album)",Red Coach Records,RCL 6000,Funk / Soul,Soul; Funk,2017-11-02
148837,Everything But The Girl,Love Not Money,1985,"Vinyl (LP, Album, Stereo)",Blanco Y Negro; Blanco Y Negro,BYN 3; 240 657-1,Rock; Pop,Acoustic; Pop Rock,2017-11-02
33653,Everything But The Girl,Walking Wounded,1996,"Vinyl (12"", 33 ⅓ RPM)",Virgin; Virgin,VST 1577; 7243 8 93487 6 7,Electronic,Drum n Bass,2017-11-02
1734063,Fairport Convention,Full House,1970,"Vinyl (LP, Album, Stereo)",Island Records; Island Records,ILPS 9130; ILPS-9130,"Rock; Folk, World, & Country",Folk Rock,2017-11-02
2060167,Fairport Convention,The Bonny Bunch Of Roses,0,"Vinyl (LP, Reissue)",Woodworm Records,WR011,"Folk, World, & Country",Folk Rock; Folk,2017-11-02
1275996,Fallout,The Morning After,1990,"Vinyl (12"", White Label, 45 RPM)",Azuli Records,AZ001,Electronic,House; Techno; Deep House,2017-11-02
323416,Fargetta,Your Love,1994,"Vinyl (12"", 33 ⅓ RPM)",X:treme Records,XTR12,Electronic,House; Italodance; Garage House,2017-11-02
4684865,Fat Freddy's Drop,Blackbird,2013,"Vinyl (LP, Album)",The Drop,DRP019LP,Electronic; Jazz; Reggae; Funk / Soul,Dub; Soul-Jazz; Neo Soul,2017-11-02
1792602,Fat Freddy's Drop,Dr Boondigga & The Big BW,2009,"Vinyl (LP, Album, Limited Edition)",The Drop; The Drop,DRLP015; DRP015LP,Electronic; Jazz; Reggae; Funk / Soul,Soul-Jazz; Reggae; Dub; Neo Soul,2017-11-02
41900,The Fatback Band,So Delicious,1985,"Vinyl (LP, Album)",Cotillion,790 253-1,Electronic; Funk / Soul,Boogie; Electro,2017-11-02
949171,Feelgood Factor,Jump Up In The Air,1994,"Vinyl (12"", 33 ⅓ RPM)",Arctic (6),FrostT 011,Electronic,House,2017-11-02
2077528,Felix,It Will Make Me Crazy,1992,"Vinyl (12"", 45 RPM)",Deconstruction,74321 11813-1,Electronic,Eurodance; Progressive House; House,2017-11-02
197488,Fierce Ruling Diva,A Great Man Once Said... EP,1993,"Vinyl (12"", EP)",React,12 REACT 18,Electronic,Progressive House; Hard House; Techno,2017-11-02
846009,The Firm (6),The Album (Sampler),1997,"Vinyl (12"", Promo, Sampler)",Columbia,XPR2390,Hip Hop,,2019-01-13
2370678,First Rate,Walky Talkyz,2005,Vinyl (Album),Scenario Records,SCLP 010,Hip Hop,,2017-11-02
925422,Five Star,Can't Wait Another Minute,1986,"Vinyl (12"", 45 RPM)",Tent; RCA,PT 40698; PT 40698,Electronic; Funk / Soul,Synth-pop; Disco,2017-11-02
455109,Fleetwood Mac,Fleetwood Mac Greatest Hits,1971,"Vinyl (LP, Compilation, Stereo)",CBS; CBS,S 69011; 69011,Rock,Blues Rock,2017-11-02
1361206,Flying Lotus,Los Angeles,2008,"Vinyl (LP, Album)",Warp Records,WARPLP165,Electronic; Hip Hop,Instrumental; Experimental,2017-11-02
1055913,Flying Lotus,Reset,2007,"Vinyl (12"", 33 ⅓ RPM, EP)",Warp Records,WAP228,Electronic; Hip Hop,Instrumental; Avantgarde,2017-11-02
3909615,Flying Lotus,Until The Quiet Comes,2012,"Vinyl (LP, Album)",Warp Records,WARPLP230,Electronic,Abstract; Future Jazz; Instrumental; IDM; Hip Hop; Downtempo; Experimental,2017-11-02
4315954,Focus (2),At The Rainbow,1973,"Vinyl (LP, Album)",Polydor,2442 118,Rock,Prog Rock,2017-11-02
2007669,Focus (2),Focus 3,1972,"Vinyl (LP, Album, Stereo)",Polydor,2659 016,Rock,Prog Rock; Symphonic Rock,2017-11-04
4723879,Focus (2),Het Beste Van Focus,1983,"Vinyl (LP, Compilation, Reissue)",EMI,1A 058 1262331,Rock,Symphonic Rock; Prog Rock,2017-11-02
574870,Four Tet,A Joy,2005,"Vinyl (12"", 33 ⅓ RPM, EP, Single)",Domino,rug213t,Electronic; Hip Hop; Rock,Abstract; Future Jazz; Breaks; Experimental; Hip Hop,2017-11-04
2028464,Four Tops,Four Tops Now!,1969,"Vinyl (LP, Album, Stereo)",Motown; Motown; Motown,MS 675; MS675; S-675,Funk / Soul,Soul,2017-11-04
697458,Four Tops,I Can't Help Myself,1973,"Vinyl (LP, Compilation, Stereo)",Sounds Superb; Music For Pleasure; Tamla Motown,SPR 90002; SPR 90002; SPR 90002,Funk / Soul,Soul; Rhythm & Blues,2017-11-04
1305075,Fourth World,Return Journey Album Sampler,2000,"Vinyl (12"", Sampler, Promo)",Electric M.E.L.T.,ELM 8021P,Electronic,Breakbeat; House,2017-12-27
133462,FPI Project,Rich In Paradise / Going Back To My Roots,1989,"Vinyl (12"", 45 RPM, Stereo)",Rumour Records,RUMAT 9,Electronic,Italo House,2017-11-04
55318,"Frankie Bones, Lenny Dee",Just As Long As I Got You,1989,"Vinyl (12"", 33 ⅓ RPM, Single)",XL Recordings,XLT-5,Electronic,House; Breaks,2017-12-27
1233563,Frankie Goes To Hollywood,Relax,1983,"Vinyl (12"", 45 RPM)",ZTT,12 ZTAS 1,Electronic,Synth-pop,2017-11-04
1305295,Frankie Goes To Hollywood,Two Tribes (Annihilation),1984,"Vinyl (12"", 45 RPM)",ZTT,12 ZTAS 3,Electronic; Rock,New Wave; Synth-pop,2017-11-04
434183,Frankie Knuckles,Beyond The Mix,1991,"Vinyl (LP, Album)",Virgin America; Virgin America,VUSLP 36; 211 816,Electronic,House; Deep House; Garage House,2017-12-27
1978494,Franz Ferdinand,Franz Ferdinand,2004,"Vinyl (LP, Album)",Domino,E 92441,Rock,Alternative Rock; Pop Rock,2017-12-27
550580,Fred & The New J.B.'s,Breakin' Bread,1974,"Vinyl (LP, Album, Stereo)",People (8); People (8),PE 6604; 2391-161,Funk / Soul,Soul; Funk,2018-08-27
1623474,Freddie Jackson,Do Me Again,1990,"Vinyl (LP, Album)",Capitol Records,C1-92217,Funk / Soul,Soul; Ballad; Contemporary R&B,2018-07-01
2803014,Freddy Fresh,Boricua House Party,2002,"Vinyl (12"", Promo)",Peppermint Jam,PJMS0065,Electronic,House; Big Beat,2017-12-27
2794500,Freddy Fresh,It's About The Groove,1998,"Vinyl (12"", White Label)",Eye Q Records,EYEUK033,Electronic,House; Big Beat,2017-12-27
2201597,"Freddy Fresh, Fatboy Slim",Badder Badder Schwing,1999,"Vinyl (12"", White Label, 45 RPM)",Eye Q Records,EYE UK 040,Electronic,Breakbeat; Big Beat,2017-12-27
1197055,Free,The Free Story,1983,"Vinyl (LP, Compilation, Reissue)",Island Records,25 058 XCT,Rock; Blues,Blues Rock; Classic Rock,2017-12-27
178136,Fried Funk Food,The Real Shit Vol 2,1995,"Vinyl (12"", 33 ⅓ RPM)",Blunted; Island Records,BVMLP 1; 524 110-1,Electronic; Hip Hop,Downtempo; Big Beat; Breaks,2017-12-27
2039862,"Friends, Lovers & Family",Signals Of Decay / Signs Of Rebirth,1994,"Vinyl (12"", 33 ⅓ RPM, White Label)",Rising High Records; Rising High Records,RSN 85; RSN-85,Electronic,Trance; Downtempo,2017-12-27
411790,Fruit & Nuts,Funky Funghus / Chuckfull Of Nuts,1994,"Vinyl (12"", 45 RPM, Stereo)",Blam,BLAM 001-1,Electronic,Progressive House; House,2017-12-27
6851667,Funk by Funk,The Tutoritool (2nd Edition),2008,"Vinyl (LP, Album, Stereo)",Pedestrian,PED-TT-02,Hip Hop; Non-Music,Turntablism; Cut-up/DJ; Education,2019-01-13
4232188,Funk by Funk,The Tutoritool: Interactive Turntablist Tutorial Vinyl Tool,2004,"Vinyl (LP, Album, Numbered, Special Edition, Stereo)",Pedestrian,59392E,Electronic; Hip Hop; Non-Music,Turntablism; Cut-up/DJ; Education,2019-01-13
7139175,Funkadelic,America Eats Its Young,0,"Vinyl (LP, Album, Reissue, Stereo)",Westbound Records,SEW2 029,Rock; Funk / Soul,P.Funk; Psychedelic Rock,2017-12-27
6197410,Funkadelic,Cosmic Slop,2004,"Vinyl (LP, Album, Reissue, Remastered, Stereo)",Westbound Records,SEWA 035,Rock; Funk / Soul,P.Funk; Psychedelic,2017-12-27
6681381,Funkadelic,Free Your Mind And Your Ass Will Follow,0,"Vinyl (LP, Album, Reissue, Stereo)",Westbound Records,SEWA 012,Rock; Funk / Soul,P.Funk; Psychedelic Rock,2017-12-27
10671095,Funkadelic,Funkadelic,1989,"Vinyl (LP, Album, Reissue)",Westbound Records,SEW 010,Rock; Funk / Soul,Psychedelic Rock; Funk,2017-12-27
602546,Funkadelic,Maggot Brain,1989,"Vinyl (LP, Album, Reissue, Stereo)",Westbound Records,SEW 002,Rock; Funk / Soul,Soul-Jazz; P.Funk; Psychedelic Rock; Jazz-Rock; Psychedelic,2017-12-27
475153,Funkadelic,One Nation Under A Groove,1978,"Vinyl (LP); Vinyl (7"", 33 ⅓ RPM, EP); All Media (Album)",Warner Bros. Records,BSK 3209,Funk / Soul,P.Funk,2017-12-27
696638,Funkadelic,The Electric Spanking Of War Babies,1981,"Vinyl (LP, Album)",Warner Bros. Records,BSK 3482,Funk / Soul,P.Funk,2017-12-27
1287114,Funkadelic,Uncle Jam Wants You,1979,"Vinyl (LP, Album)",Warner Bros. Records; Warner Bros. Records,K 56712; HS 3371,Funk / Soul,P.Funk; Funk,2017-12-27
1290333,Funkdoobiest,Dedicated,1995,"Vinyl (12"", 33 ⅓ RPM, Single)",Epic,662063 6,Hip Hop,,2017-12-27
52051,Funki Porcini,Fast Asleep,2002,"Vinyl (LP, Album)",Ninja Tune,ZEN 57,Electronic,Downtempo; Minimal; Ambient,2017-12-27
158900,Funny Valentine,Praise The Music,1994,"Vinyl (12"", 33 ⅓ RPM)",Time Unlimited,time 205-6,Electronic,Trance; House,2017-12-27
41210,Furious George,"The Adventures Of ""Furious"" George",1995,"Vinyl (12"", 33 ⅓ RPM)",Henry Street Music,HS172,Electronic,House,2017-12-27
353140,"G Force, De Oxman",Cappashot / Bubble Up,1995,"Vinyl (12"", 45 RPM)",Made In London,FFR002,Electronic,Jungle,2017-12-30
370839,G.M.P.,Ganxta Mai-Dae Productions,1993,"Vinyl (12"", 33 ⅓ RPM, EP)",Kold Sweat,KS EP 212,Hip Hop,Britcore,2017-12-27
7656257,Gang Starr,Daily Operation,1992,"Vinyl (LP, Album)",Cooltempo; Cooltempo,32 1910 1; CTLP27,Hip Hop,,2017-12-27
1829078,Gang Starr,Full Clip: A Decade Of Gang Starr (DJ Promo) (The Mix Tape),2001,"Vinyl (LP, Mixed, Unofficial Release)",Not On Label (Gang Starr),LPGANGDJ 008,Hip Hop,,2017-12-27
314686,Gang Starr,Hard To Earn,1994,"Vinyl (LP, Album)",Chrysalis; ERG,7243 8 28435 1 1; 7243 8 28435 1 1,Hip Hop,,2017-12-27
347444,Gang Starr,Step In The Arena,1991,"Vinyl (LP, Album)",Cooltempo; Cooltempo,CTLP 21; 3217981,Hip Hop,Conscious,2017-12-27
13826631,Gang Starr,Step In The Arena,2019,"Vinyl (LP, Album, Limited Edition, Reissue)",Virgin,B0030013-01,Hip Hop,Conscious,2024-07-16
1162080,Gang Starr,The Ownerz,2003,"Vinyl (LP, Stereo); Vinyl (LP, Single Sided, Stereo); All Media (Album)",Virgin; Virgin,7243 5 80247 1 5; VUSLP 235,Hip Hop,,2017-12-27
1593405,The Gap Band,You Dropped A Bomb On Me,1982,"Vinyl (12"", 45 RPM, Stereo)",Total Experience Records,MERX 114,Electronic; Funk / Soul,Disco,2017-10-21
145710,Gary Byrd & The G.B. Experience,The Crown,1983,"Vinyl (12"", 45 RPM, Single, Stereo)",Motown,TMGT 1312,Hip Hop; Funk / Soul,Disco; Funk; Conscious,2017-10-21
1169319,Gene Harris,Nature's Way,1984,"Vinyl (LP, Album)",Jam (15),JAM 015,Jazz; Funk / Soul,Jazz-Funk,2018-01-01
4954046,George Benson,Give Me The Night,1980,"Vinyl (LP, Album)",Warner Bros. Records; Warner Bros. Records; Qwest Records; Qwest Records,K 56823; K56823; K 56823; K56823,Funk / Soul,Soul; Funk; Disco,2017-12-27
392890,George Benson,In Flight,1977,"Vinyl (LP, Album, Stereo)",Warner Bros. Records; Warner Bros. Records,K 56327; K56327,Jazz,Smooth Jazz; Jazz-Funk,2017-12-27
1218242,George Benson,Lady Love Me (One More Time),1983,"Vinyl (12"", 45 RPM, Stereo)",Warner Bros. Records; Warner Bros. Records; Warner Bros. Records,W9614T; W 9614 (T ); 920 108-0,Funk / Soul,Soul; Disco,2017-12-30
6941313,"George Clinton, Parliament, Funkadelic",Chocolate City: London | P-Funk Live At Metropolis,2015,"Box Set (Record Store Day); Vinyl (LP, 45 RPM, Album); Vinyl (LP, 45 RPM, Album); CD (Album); DVD (Album)",Metropolis Recordings,MR1501,Rock; Funk / Soul,Funk; P.Funk,2019-01-13
575516,"George Clinton, Parliament, Funkadelic",The Mothership Connection (Live From Houston),1986,"Vinyl (LP, Mini-Album, Compilation)",Capitol Records,MLP-15021,Funk / Soul,P.Funk,2019-01-13
9903515,George Harrison,Living In The Material World,2017,"Vinyl (LP, Album, Reissue, Remastered, Stereo)",Apple Records; Apple Records; Apple Records,PAS-10006; 0602557090420; 5709042,Rock,Pop Rock; Folk Rock; Religious,2018-01-01
673743,George McCrae,George McCrae,1975,"Vinyl (LP, Album)",Jay Boy,JSL 10,Funk / Soul,Disco,2019-01-13
436661,George Michael,Listen Without Prejudice Vol. 1,1990,"Vinyl (LP, Album)",Epic,467295 1,Electronic; Rock; Funk / Soul; Pop,Contemporary R&B; Dance-pop; Pop Rock; Soul,2019-01-13
4497719,Gerard Hoffnung,The Importance Of Being Hoffnung,1968,"Vinyl (LP, Mono)",BBC Radio Enterprises; BBC Radio Enterprises,REB 21 M; REB 21M,Non-Music,Comedy; Interview,2018-02-03
418828,Ghostface Killah,Daytona 500,0,"Vinyl (12"", Single Sided, Unofficial Release)",Not On Label,RS001,Hip Hop,Gangsta,2017-12-30
1067515,Gil Scott-Heron,The Revolution Will Not Be Televised,1974,"Vinyl (LP, Album, Compilation, Stereo)",Flying Dutchman,BDL1-0613,Funk / Soul,Rhythm & Blues; Soul; Funk; Spoken Word,2017-12-30
6738301,"Giorgio Moroder, Philip Oakey",Together In Electric Dreams / Goodbye Bad Times,1988,"Vinyl (7"", 45 RPM, Single, Stereo)",Old Gold (2),OG 9825,Electronic,Europop; Synth-pop,2019-01-13
2414452,Gladys Knight,Good Woman,1991,"Vinyl (LP, Album)",MCA Records,MCA 10329,Funk / Soul,Soul,2018-10-06
7117471,Glen Goldsmith,One Life,1989,"Vinyl (12"", 45 RPM, Promo)",RCA,PT 43182 DJ,Electronic,House,2017-12-30
2316584,Glencoe,Glencoe,1972,"Vinyl (LP, Album)",Epic,S EPC 65207,Rock,Prog Rock; Classic Rock,2017-12-30
365675,Glenn Jones,We've Only Just Begun (The Romance Is Not Over),1987,"Vinyl (12"", 45 RPM, Single)",Jive,JIVE T 151,Electronic; Hip Hop; Funk / Soul,Downtempo; Contemporary R&B,2018-08-27
1816010,Gloria Estefan,Everlasting Love,1995,"Vinyl (12"", 33 ⅓ RPM, Single)",Epic,661159 6,Electronic; Pop,Synth-pop; Dance-pop; House,2017-11-02
702916,Gnarls Barkley,St. Elsewhere,2006,"Vinyl (LP, Album)",Warner Bros. Records; Lex Records,2564 63267 1; 2564 63267 1,Electronic; Hip Hop; Funk / Soul,Conscious; Hip Hop; Neo Soul,2017-10-21
68511,Go Go Lorenzo & The Davis Pinckney Project,You Can Dance (If You Want To) (Remix),1986,"Vinyl (12"", 45 RPM)",Boiling Point; Polydor,POSPA 836; POSPA 836,Electronic,Disco,2017-12-30
67457,The Goats,Aaah D Yaaa,1992,"Vinyl (12"", 45 RPM, Single)",Ruffhouse Records; Columbia,659303 6; 659303 6,Electronic; Hip Hop,House; Hip-House; Conscious,2017-12-30
218875,Golden Claw Musics,Digging The Dancing Weed,1994,"Vinyl (10"", 33 ⅓ RPM)",Infectious Records,infect 8 tx,Electronic,Downtempo; Ambient,2019-01-13
252108,Goldie Lookin Chain,Half Man Half Machine / Self Suicide,2004,"Vinyl (12"")",Must... Destroy!!,DESTROY1201,Hip Hop,Pop Rap,2017-12-30
313209,Goldie Lookin Chain,Roller Disco / Nan Jam,2002,"Vinyl (12"")",Gold Dust Gramophonics,Dust 001,Hip Hop,,2017-12-30
2409085,Gordon Lightfoot,If You Could Read My Mind,1970,"Vinyl (LP, Reissue)",Reprise Records,RSLP 6392,"Folk, World, & Country",Country,2019-01-13
11040352,Gorillaz,Demon Days,2015,"Vinyl (LP); Vinyl (LP); All Media (Album, Unofficial Release)",Parlophone (2),07243 873838 1 4,Electronic; Hip Hop; Rock,Leftfield; Trip Hop; Lo-Fi; Pop Rap; Downtempo,2017-12-30
1498867,Graham Central Station,Star Walk,1979,"Vinyl (LP, Album)",Warner Bros. Records,WB 56 630,Funk / Soul,Funk; Disco,2017-12-30
1123815,Grand Funk Railroad,Survival,1971,"Vinyl (LP, Album, Repress, Stereo)",Capitol Records,SW-764,Rock,Hard Rock,2017-12-30
2713375,Grand Funk Railroad,We're An American Band,0,"Vinyl (LP, Album, Reissue, Stereo)",Capitol Records,EA-ST 11207,Rock,Hard Rock,2017-12-30
616951,Grandmaster Flash,Sign Of The Times,1985,"Vinyl (12"", 45 RPM)",Elektra; Elektra; Elektra,E9677T; E9677(T); 9 66920-0,Hip Hop,Electro,2017-12-30
187009,Grandmaster Flash & Melle Mel,Continuous White Lines,1984,"Vinyl (12"", 45 RPM)",Sugar Hill Records,SHLM 130,Hip Hop,Conscious,2017-12-30
33031,Grandmaster Flash & The Furious Five,Scorpio,1982,"Vinyl (12"", 45 RPM)",Sugar Hill Records,SHL 118,Hip Hop,Go-Go; Electro,2017-12-30
183346,Grandmaster Melle Mel & The Furious Five,Pump Me Up,1985,"Vinyl (12"", 45 RPM)",Sugar Hill Records; PRT,SHL 141; SHL 141,Electronic; Hip Hop,Go-Go; Cut-up/DJ; Electro; Hip Hop; Conscious,2017-12-30
20698,Grandmaster Melle Mel & The Furious Five,Step Off,1984,"Vinyl (12"", 45 RPM)",Sugar Hill Records,SHL 139,Hip Hop,Electro,2017-12-30
186656,Grandmaster Melle Mel & The Furious Five,Stepping Off,1985,"Vinyl (LP, Compilation)",Sugar Hill Records,SHLP 5555,Electronic; Hip Hop,Electro,2017-12-30
556163,Groove Corporation,Twist And Change,1995,"Vinyl (12"", 33 ⅓ RPM)",Six6,SIXT 122,Electronic,Progressive House; Breakbeat; House; Dub,2017-12-30
780090,The GROOVE OF SATYRE,Dialogue And Random Phase II,2006,"Vinyl (12"")",The Groove Of Satyre,TGOS003,Hip Hop,DJ Battle Tool,2017-10-29
596510,Groove Theory,Tell Me (The Remixes),1995,"Vinyl (12"", 33 ⅓ RPM)",Epic,662388 6,Electronic; Hip Hop,House; Downtempo,2017-12-30
7259338,Günter Müller,Live At White Cube,2015,"Vinyl (LP, Single Sided, Limited Edition)",The Vinyl Factory; White Cube,VF149 Live 11; none,Electronic,Abstract; Experimental,2019-01-13
735134,Guru,Feel The Music,1995,"Vinyl (12"", 33 ⅓ RPM)",Cooltempo,12COOL 313,Hip Hop,,2017-12-30
338291,Guru,Jazzmatazz (Volume 1),1993,"Vinyl (LP, Album, Stereo)",Chrysalis; Chrysalis,F1-21998; 0946 3 21998 1 2,Electronic; Hip Hop,Acid Jazz; Jazzy Hip-Hop; Conscious,2018-08-27
4729267,Guru,Watch What You Say,1995,"Vinyl (12"", 33 ⅓ RPM)",Cooltempo; Cooltempo,12COOL 308; 7243 8 82261 6 5,Hip Hop; Funk / Soul,,2017-12-30
9297631,"Gustav Holst, BBC Symphony Orchestra, Sir Malcolm Sargent",The Planets,0,"Vinyl (LP, Stereo)",Classics For Pleasure,CFP 175,Classical,Modern; Orchestra; Suite; Program Music; Choral,2018-02-03
4249360,"Gustav Holst, Concertgebouworkest, Sir Neville Marriner",The Planets,1978,Vinyl (LP),Philips,9500 425,Classical,Modern; Orchestra; Suite; Program Music; Choral,2018-02-03
1097236,"Gustav Holst, Leopold Stokowski, Los Angeles Philharmonic Orchestra",The Planets,0,"Vinyl (LP, Stereo)",Music For Pleasure; Music For Pleasure,MFP STEREO 2134; MFP 2134,Classical,Modern; Orchestra; Suite; Program Music; Choral,2018-02-03
223279,Gwen Guthrie,Ain't Nothin' Goin' On But The Rent,1986,"Vinyl (12"", 45 RPM, Single)",Boiling Point; Polydor; Polydor,POSPX 807; POSPX 807; 885 106-1,Electronic; Funk / Soul,Soul; Funk; Garage House,2017-12-30
6400743,Gwenno,Y Dydd Olaf,2014,"Vinyl (LP, Album)",Peski,PESKI030,Electronic; Pop,Experimental; Synth-pop,2018-01-01
11089077,Gwynne James,Gwynne James,1978,"Vinyl (LP, Album)",Sain,SAIN 1122D,"Folk, World, & Country",,2018-07-01
6646178,The Hamburg Students' Choir,Hark! The Herald Angels Sing,0,"Vinyl (LP, Album, Reissue)",Marble Arch,MAL 629,Classical,Neo-Classical; Choral; Holiday,2018-01-01
2276579,Hans Wurman,"The Moog Strikes Bach… (To Say Nothing Of Chopin, Mozart, Rachmaninov, Paganini And Prokofiev)",1973,"Vinyl (LP, Reissue, Stereo)",RCA Victrola; RCA Victrola,VICS 1489; LSC 3125,Electronic,Modern Classical; Experimental,2019-01-13
114948,Hardhouse,Check This Out / 11.55,1989,"Vinyl (12"", 45 RPM)",Champion,CHAMP 12-94,Electronic,Freestyle; House; Breaks,2018-01-01
109023,Harold Faltermeyer,Axel F (The M & M Mix),1984,"Vinyl (12"", 45 RPM, Single, Stereo)",MCA Records,MCAX 949,Electronic; Pop,Synth-pop,2017-10-21
3652827,Harold Melvin And The Blue Notes,Reaching For The World,1976,"Vinyl (LP, Album)",ABC Records; ABC Records,AB 969; AB-969,Funk / Soul,Soul; Disco,2019-01-13
8547504,Harry Nilsson,Pussy Cats,1974,"Vinyl (LP, Album)",RCA,APL1 0570,Rock,Blues Rock; Rock & Roll; Classic Rock,2019-01-13
329113,The Headhunters,Straight From The Gate,1977,"Vinyl (LP, Album)",Arista,AB 4146,Jazz; Funk / Soul,Jazz-Funk; Fusion; Jazz-Rock,2018-01-01
162028,The Headhunters,Survival Of The Fittest,1975,"Vinyl (LP, Album)",Arista,AL 4038,Jazz; Funk / Soul,Fusion; Jazz-Funk; Funk,2018-01-01
1975387,Heatwave,Mind Blowing Decisions,1990,"Vinyl (12"", 45 RPM)",The Brothers Organisation; Telstar,12HW1; 12HW 1,Electronic,House,2018-01-01
1187115,HED,Reigndance,0,"Vinyl (12"", 33 ⅓ RPM)",Ultimate; Mutron,TOPP028T; MUTT 001T,Electronic,Breakbeat; Downtempo; Experimental,2018-01-01
30947,The Herbaliser,Remedies,1995,"Vinyl (LP, Album)",Ninja Tune,ZEN 18,Electronic; Hip Hop,Trip Hop; Breaks; Downtempo,2018-01-01
441618,"The Herbaliser, Blade (3), Phi-Life Cypher",Time To Build / Distinguished Jamaican English,2002,"Vinyl (12"", 33 ⅓ RPM, Single)",Ninja Tune,ZEN 12122,Hip Hop,,2018-01-01
892151,Herbie Hancock,Feets Don't Fail Me Now,1979,"Vinyl (LP, Album, Stereo)",CBS; CBS,S CBS 83491; CBS 83491,Jazz; Funk / Soul,Fusion; Jazz-Funk; Funk; Disco,2018-01-07
1727100,The HIGH FIDELITY,Addicted To A T.V.,1997,"Vinyl (12"", Single Sided, Etched)",Plastique Recordings,FAKE 1 T,Rock,Alternative Rock,2018-01-07
4863544,Homeboy Sandman,All That I Hold Dear,2013,"Vinyl (12"", EP)",Stones Throw Records,STH2330,Hip Hop,Conscious,2018-02-03
3924292,Homeboy Sandman,First Of A Living Breed,2012,"Vinyl (Album, LP)",Stones Throw Records,STH2301,Hip Hop,Jazzy Hip-Hop; Conscious,2018-02-03
4572134,Homeboy Sandman,Kool Herc: Fertile Crescent,2013,"Vinyl (12"")",Stones Throw Records,STH2319,Hip Hop,,2018-02-03
86089,Hoodoo,Un-Square Dance,1994,"Vinyl (12"", 33 ⅓ RPM)",Indochina,ID011T,Electronic; Hip Hop,Leftfield; Breaks,2018-07-01
471448,House Of Pain,House Of Pain (Fine Malt Lyrics),1992,"Vinyl (LP, Album)",XL Recordings,XLLP 111,Hip Hop,,2018-02-03
454750,Howie B.,Switch,1997,"Vinyl (12"", Promo)",Polydor,SWITC/1/2,Electronic,Leftfield,2018-02-03
27729,The Human League,Dare,1981,"Vinyl (LP, Album, Stereo)",Virgin,V2192,Electronic; Pop,Synth-pop,2018-02-03
3170066,Hypnotic Brass Ensemble,Bulletproof Brass,2011,"Vinyl (12"", EP)",ChoiceCuts,CCHBE002,Jazz; Funk / Soul; Brass & Military,,2018-07-01
1051499,Ian Brown,The Greatest,2005,"Vinyl (LP, Compilation)",Polydor; Fiction Records,987 289-0; 987 298-0,Electronic; Rock,Indie Rock; Alternative Rock,2017-10-21
2115326,Ian Dury,Lord Upminster,1981,"Vinyl (LP, Album)",Polydor,POLD 5042,Funk / Soul,New Wave; Dub; Disco,2018-07-01
3735228,Ian Dury,New Boots And Panties!!,1977,"Vinyl (LP, Album)",Stiff Records; Stiff Records,SEEZ4; SEEZ 4,Rock,Pop Punk; Punk,2018-07-01
4903841,Ian Dury And The Blockheads,Do It Yourself,1979,"Vinyl (LP, Album)",Stiff Records,SEEZ 14,Electronic; Rock,New Wave; Dub; Pop Rock; Disco,2018-07-01
1803127,Ian Dury And The Blockheads,Do It Yourself,1979,"Vinyl (LP, Album, Stereo)",Stiff-Epic,JE 36104,Rock; Pop,New Wave; Pop Rock,2018-07-01
194516,Ian Dury And The Blockheads,Reasons To Be Cheerful (Part Three),1979,"Vinyl (12"", 45 RPM, Single)",Stiff Records,12BUY 50,Funk / Soul,Disco,2018-07-01
2515365,Ian Dury And The Blockheads,Warts 'N' Audience (Live: 22 December 1990),1991,"Vinyl (LP, Album); Vinyl (7"", Single); All Media (Limited Edition)",Demon Records; Demon Records,FIEND 777; ID1,Funk / Soul,Funk,2018-07-01
489522,Ice Cube,AmeriKKKa's Most Wanted,1990,"Vinyl (LP, Album)",4th & Broadway; Priority Records; Island Records,BRLP 551; BRLP 551; 846 562-1,Hip Hop,Conscious; Gangsta,2018-07-01
303816,Ice-T,High Rollers,1989,"Vinyl (12"", 45 RPM)",Sire; Sire; Sire,W 7574 (T); W7574TW; 921 197-0,Hip Hop,Gangsta,2018-07-01
363324,Ice-T,Home Invasion,1993,"Vinyl (LP, Album)",Rhyme $yndicate Records; Rhyme $yndicate Records,RSYN 1; 0777 7 87844 1 8,Hip Hop,Gangsta,2018-07-01
378380,Ice-T,Lethal Weapon ,1989,"Vinyl (12"", 45 RPM, Single, Stereo)",Sire,W 2802 T,Hip Hop,Conscious,2018-07-01
213240,Ice-T,Make It Funky,1987,"Vinyl (12"", 45 RPM, Maxi-Single)",Sire,0-20711,Hip Hop,,2018-07-01
152083,Ice-T,Power,1988,"Vinyl (LP, Album)",Sire; Rhyme Syndicate Productions; Sire; Rhyme Syndicate Productions,1-25765; 1-25765; 9 25765-1; 9 25765-1,Hip Hop,Gangsta; Conscious,2018-07-01
1133701,Ice-T,Power,1988,"Vinyl (LP, Album)",Sire; Sire; Rhyme $yndicate Records; Rhyme $yndicate Records,925765-1; 925 765-1; 925765-1; 925 765-1,Hip Hop,Gangsta; Conscious,2018-07-01
165639,Ice-T,The Iceberg (Freedom Of Speech... Just Watch What You Say),1989,"Vinyl (LP, Album)",Sire; Warner Bros. Records; Rhyme $yndicate Records,9 26028-1; 1-26028; 1-26028,Hip Hop,Gangsta; Conscious; Boom Bap,2018-07-01
2310499,Incognito,Don't You Worry 'Bout A Thing,1992,"Vinyl (12"", 45 RPM)",Talkin' Loud; Talkin' Loud,866 897-1; TLKX 21,Electronic,Acid Jazz,2018-07-01
171977,Incognito,I Hear Your Name,1995,"Vinyl (12"", 33 ⅓ RPM)",Talkin' Loud; Talkin' Loud,TLKX 56; 852 119-1,Electronic,House; Garage House,2018-07-01
152979,Incognito,Still A Friend Of Mine,1993,"Vinyl (12"", 33 ⅓ RPM)",Talkin' Loud; Talkin' Loud,TLKX 42; 862 545-1,Electronic,Acid Jazz,2018-07-01
590299,Incorporated Thang Band,Lifestyles Of The Roach And Famous,1988,"Vinyl (LP, Album)",Warner Bros. Records; Warner Bros. Records,9 25617-1; 1-25617,Electronic; Funk / Soul,P.Funk; Electro; Boogie; Funk; Disco,2018-07-01
438318,Induce,Cuticle Scrapes Vol. 1,2001,"Vinyl (LP, Compilation)",Counterflow Recordings,CF012-1,Hip Hop,DJ Battle Tool,2018-07-01
20874,Inner City,Ahnonghay,1995,"Vinyl (12"", 33 ⅓ RPM)",Six6,SixT123,Electronic,Tech House; Techno,2018-07-01
4222264,Inner City,Fire,1990,"Vinyl (LP, Album)",10 Records,DIX 99,Electronic,House; Techno,2018-07-01
63906,Inner City,Paradise Remixed,1990,"Vinyl (LP, Compilation, Stereo)",10 Records; 10 Records,XID 81; 210 502,Electronic,Techno; Garage House,2018-07-01
4956774,INXS,X,1990,"Vinyl (LP, Album, White Label)",Mercury,846 668-1,Rock,Pop Rock,2018-07-01
335032,Isaac Hayes,...To Be Continued,1971,"Vinyl (LP, Album, Stereo)",Stax,2325-026,Funk / Soul,Soul; Funk,2018-01-01
458273,Isaac Hayes,In The Beginning,1972,"Vinyl (LP, Reissue, Stereo)",Atlantic,K 40327,Jazz; Funk / Soul,Rhythm & Blues; Soul,2018-01-01
578024,Isaac Hayes,Shaft,1971,"Vinyl (LP, Album, Stereo)",Stax; Stax,2659 007; 2659-007,Jazz; Funk / Soul; Stage & Screen,Soundtrack; Soul-Jazz; Jazz-Funk; Funk,2018-01-01
2308070,Isaac Hayes,The Isaac Hayes Chronicle,1978,"Vinyl (LP, Album, Compilation)",Stax; Stax,STM 7003; OC 054-60 352,Funk / Soul,,2018-01-01
472605,Isaac Hayes,Tough Guys (Music From The Soundtrack Of The Paramount Release 'Three Tough Guys'),1974,"Vinyl (LP, Album, Stereo)",Enterprise,ENS-7504,Jazz; Funk / Soul; Stage & Screen,Soundtrack; Score; Soul-Jazz; Funk,2018-01-01
800072,The Isley Brothers,Forever Gold,1977,"Vinyl (LP, Compilation)",Epic; Epic,EPC 86040; S EPC 86040,Funk / Soul,Soul; Funk,2018-07-01
4484544,J Dilla,Anthem / Trucks,2013,"Vinyl (12"", 33 ⅓ RPM)",Pay Jay Productions,PJ001,Hip Hop,Boom Bap,2018-08-27
934101,J Dilla,Ruff Draft,2007,"Vinyl (12"", EP, Reissue); Vinyl (12"", Single Sided)",Stones Throw Records,STH 2153,Hip Hop,,2018-08-27
1069931,J Dilla,Ruff Draft Instrumentals,2007,"Vinyl (12"", 33 ⅓ RPM)",Stones Throw Records,STH 2159,Hip Hop,Instrumental,2018-08-27
5190361,J Rocc,Enjoyed The Experience,2013,"Vinyl (12"")",Now-Again Records; Sinecure Books,NA 5112; none,Hip Hop; Funk / Soul,Cut-up/DJ,2018-08-27
2808381,J Rocc,Some Cold Rock Stuf,2011,"Vinyl (LP, Album); Vinyl (LP)",Stones Throw Records,STH2233,Hip Hop,Instrumental; Breaks; Downtempo; Funk,2018-08-27
3772345,J Rocc,The Minimal Wave Tapes: J. Rocc Edits Volume 1,2012,"Vinyl (12"")",Stones Throw Records,STH2294,Electronic,New Wave; Industrial; Synth-pop; Minimal,2018-08-27
3866548,J Rocc,The Minimal Wave Tapes: J. Rocc Edits Volume 2,2012,"Vinyl (12"")",Stones Throw Records,STH2295,Electronic,New Wave; Synth-pop; Minimal; Experimental,2018-08-27
1876391,The J.B.'s,Doing It To Death,1973,"Vinyl (LP, Album)",Polydor,2391 087,Funk / Soul,Funk,2018-08-27
3573175,The J.B.'s,Food For Thought,1972,"Vinyl (LP, Album, Promo)",People (8); People (8),PE 5601; 2391 034,Funk / Soul,Funk,2017-10-21
1003740,J.J. Cale,La Femme De Mon Pote (Extraits De La Bande Originale Du Film),1983,"Vinyl (LP, Album, Compilation)",Mercury,814 401-1,Rock; Stage & Screen,Blues Rock; Soundtrack,2018-08-27
8283763,J.J. Cale,Okie,0,"Vinyl (LP, Album, Reissue)",Shelter Records; Eurodisc,27 322; 913 284,Rock; Blues,Folk Rock,2018-08-27
219003,"J.V.C. F.O.R.C.E., Tall Dark & Handsome",B Boy Posse,1988,"Vinyl (LP, Album, Compilation, Stereo)",Westside Records (2),BBOYD 3,Hip Hop,,2017-10-21
673020,Jackson Sisters,I Believe In Miracles,1987,"Vinyl (12"", 45 RPM)",Urban (2); Urban (2),URBX 4; 885 901-1,Funk / Soul,Soul; Disco,2018-07-01
61212,Jak And Stepper,Bad Shit Tribute,1996,"Vinyl (12"", 33 ⅓ RPM, 45 RPM)",Evolution (17),EV0051,Electronic,House,2018-07-01
201163,Jaki Graham,Round And Around (Extended Version),1985,"Vinyl (12"", 45 RPM, Single)",EMI,12 JAKI 4,Electronic; Funk / Soul,Contemporary R&B; Dance-pop,2017-12-30
403175,The Jam,Dig The New Breed,1982,"Vinyl (LP, Album, Stereo)",Polydor; Polydor,POLD 5075; 2383 658,Rock,Mod; Punk,2018-07-01
3772605,James Brown,Black Caesar (Original Soundtrack),1973,"Vinyl (LP, Album)",Polydor; Polydor; Polydor; Polydor,PD 6014; PD-6014; 245 2004; 2452 004,Funk / Soul; Stage & Screen,Soundtrack; Soul; Funk,2017-10-21
932447,James Brown,Bodyheat,1977,"Vinyl (LP, Album, Stereo)",Polydor,2391 258,Funk / Soul,Funk,2024-07-16
1360935,James Brown,Everybody's Doin' The Hustle & Dead On The Double Bump,1975,Vinyl (LP),Polydor,2391 197,Funk / Soul,Soul; Funk; Disco,2017-10-21
877363,James Brown,Hell,1974,"Vinyl (LP, Album)",Polydor,2659 036,Funk / Soul,Soul; Funk,2017-10-21
4366854,James Brown,It's A Mother,1969,"Vinyl (LP, Album)",Polydor,583 768,Funk / Soul,Funk,2017-10-21
3570831,James Brown,Live At The Apollo,0,"Vinyl (LP, Album, Limited Edition, Reissue)",Polydor,PD 826,Funk / Soul; Blues,Rhythm & Blues; Soul; Funk,2017-10-21
4547619,James Brown,Live!,1989,"Vinyl (LP, Album, Remastered)",Style Records,STYRL 024,Funk / Soul,Funk; Soul; Rhythm & Blues,2017-10-21
625674,James Brown,Living In America (R 'n' B Extended Mix),1986,"Vinyl (12"", 45 RPM, Single)",Scotti Bros. Records,TA 6701,Funk / Soul,Synth-pop; Disco,2017-10-21
1236813,James Brown,Reality,1974,"Vinyl (LP, Album)",Polydor,2391 164,Funk / Soul,Soul; Funk,2017-10-21
1376983,James Brown,Super Bad,1971,"Vinyl (LP, Album, Stereo)",King Records (3); King Records (3); King Records (3),KS 1127; KS-1127; KING 1127,Funk / Soul,Soul; Funk,2017-10-21
533360,Jamie Lidell,Multiply,2005,"Vinyl (12"", 33 ⅓ RPM)",Warp Records,WAP197,Electronic; Jazz,Soul-Jazz; Experimental,2019-01-13
1074415,Jamie T,Panic Prevention,2007,"Vinyl (LP, Album)",Virgin; Pacemaker Recordings,V 3023; 094637885512,Electronic; Hip Hop; Rock,Alternative Rock; Punk,2018-07-01
13958620,Janet Jackson,The Velvet Rope,2019,"Vinyl (LP, Album, Reissue)",Virgin; JDJ Entertainment; UMe,00602577666667; 00602577666667; 00602577666667,Hip Hop; Funk / Soul; Pop,Contemporary R&B,2026-04-26
24930,"Janet Jackson, Q-Tip, Joni Mitchell",Got 'Til It's Gone,1997,"Vinyl (12"", 33 ⅓ RPM, Single)",Virgin; Virgin,VSTX1666; 7243 8 94726 6 0,Electronic,Deep House; Speed Garage,2018-07-01
67379,Jark Prongo,K-ucci,1994,"Vinyl (12"", 33 ⅓ RPM)",Fresh Fruit Records,Fruit 014,Electronic,House; Tech House,2017-12-27
5989481,Jay-Z,Can't Knock The Hustle,1996,"Vinyl (12"")",Roc-A-Fella Records,7342144719-1,Hip Hop,,2018-07-01
3072594,Jay-Z,Excuse Me Miss Again,2003,"Vinyl (12"", 33 ⅓ RPM, Promo)",Roc-A-Fella Records,EXCUSEMEDJ2,Hip Hop,Thug Rap,2018-08-27
98408,Jean Jacques Smoothie,Love & Evil,2002,"Vinyl (12"")",Roadrunner Records,RR 2023-6,Electronic,Deep House; Tech House,2018-08-27
235863,Jeru The Damaja,Wrath Of The Math,1996,"Vinyl (LP, Album)",Payday; FFRR,697-124-119-1; 697-124-119-1,Hip Hop,Conscious,2018-08-27
19395,"Jestofunk, Ce Ce Rogers",Can We Live?,1995,"Vinyl (12"", 33 ⅓ RPM)",Deconstructed Music,DCD1995 01T,Electronic,House; Tech House,2018-08-27
707029,Jhelisa,Hold My Peace,1994,"Vinyl (12"")",Dorado,DOR029,Electronic,Acid Jazz,2018-08-27
767206,Jim Noir,Eanie Meany (Fatboy Slim Remix),2006,"Vinyl (12"", 45 RPM, Picture Disc)",My Dad Recordings; Atlantic,MY011T; 5051011-5469-0-7,Electronic; Rock,Downtempo; Synth-pop; Indie Rock,2018-08-27
649256,Jim Noir,Tower Of Love,2005,"Vinyl (LP, Album)",My Dad Recordings,my010,Electronic; Rock,Acoustic; Downtempo; Indie Rock,2019-01-13
2698548,Jimi Hendrix,Band Of Gypsys,0,"Vinyl (LP, Album, Stereo, Reissue)",Polydor,2480 005,Rock,Blues Rock; Psychedelic Rock,2018-01-01
5941855,Jimi Hendrix,Collection,0,"Vinyl (LP, Compilation)",Time Wind,DB/500 51,Rock; Blues,,2018-01-01
430746,Jimi Hendrix,Crosstown Traffic,1990,"Vinyl (12"", 45 RPM)",Polydor; Polydor,873 855-1; PZ 71,Rock,Classic Rock,2018-01-01
1762622,Jimi Hendrix,Loose Ends …,1974,"Vinyl (LP, Album)",Polydor; Polydor,2310 301; 2310-301,Rock; Blues,Blues Rock; Electric Blues,2018-01-01
2543264,Jimi Hendrix,Moods,1982,"Vinyl (LP, Reissue)",Phoenix Records (5); Phoenix 10,PHX 1020; PHX 1020,Rock,Blues Rock; Classic Rock,2018-01-01
5289785,Jimi Hendrix,Sky High,1972,"Vinyl (LP, Album, Unofficial Release)",Skydog (2),SGSH 2017378,Rock; Blues,,2018-01-01
3380697,Jimi Hendrix,Sky High,1972,"Vinyl (LP, Album, Unofficial Release)",Skydog (2),SGSH 2017378,Rock; Blues,,2018-01-01
1855443,Jimi Hendrix,War Heroes,1972,"Vinyl (LP, Album, Stereo)",Polydor,2302 020,Rock,Psychedelic Rock; Blues Rock,2018-01-01
3726334,Jimi Hendrix,What'd I Say,1972,"Vinyl (LP, Repress, Stereo)",Music For Pleasure,MFP 5278,Rock,Psychedelic Rock,2018-01-01
1715314,The Jimi Hendrix Experience,Electric Ladyland,1968,"Vinyl (LP, Album)",Track Record,613008/9,Rock,Psychedelic Rock; Blues Rock,2018-01-01
845183,The Jimi Hendrix Experience,Live At Winterland,1987,"Vinyl (LP, Album, Stereo)",Polydor,833 004-1,Rock,Blues Rock; Psychedelic Rock,2018-01-01
1418289,The Jimi Hendrix Experience,Smash Hits,0,"Vinyl (LP, Compilation, Club Edition, Reissue)",Polydor,ACB 00219,Rock,Classic Rock,2018-01-01
5987744,"Jimi Hendrix, Curtis Knight",In Memoriam Jimi Hendrix,1970,"Vinyl (LP, Compilation, Numbered, Promo)",London Records,SL 3001/1-2,Rock,Blues Rock; Psychedelic Rock; Classic Rock,2018-01-01
1345477,"Jimi Hendrix, Curtis Knight",The Wild One...,1972,"Vinyl (LP, Compilation, Stereo)",Hallmark Records,SHM 791,Rock; Blues,Psychedelic Rock; Rhythm & Blues,2018-01-01
1726527,Jimmy James & The Vagabonds,You Don't Stand A Chance If You Can't Dance,1975,"Vinyl (LP, Album, Stereo)",Pye Records,PYE 12111,Funk / Soul,Disco; Funk,2018-08-27
3807301,JJ DOOM,Key To The Kuffs,2012,"Vinyl (LP, Album)",Lex Records,LEX082LP,Hip Hop,Hardcore Hip-Hop,2017-10-29
1320085,Joan Baez,Blessed Are...,1971,"Vinyl (LP, Stereo); Vinyl (7"", 33 ⅓ RPM, Styrene)",Vanguard; Vanguard,VSD-6570/1; SPV-6,"Rock; Folk, World, & Country",Folk Rock; Folk,2017-10-21
458611,Joanna Newsom,The Milk-Eyed Mender,2004,"Vinyl (LP, Album)",Drag City,DC263,"Rock; Folk, World, & Country",Acoustic; Avantgarde; Folk,2019-01-13
882566,Jodeci,Cry For You,1994,"Vinyl (12"", 33 ⅓ RPM)",MCA Records; Uptown Records,MCST 2039; MCST 2039,Electronic; Hip Hop; Funk / Soul,Contemporary R&B; Garage House,2018-08-27
3479875,John Lennon,Imagine,1971,"Vinyl (LP, Album, Stereo)",Apple Records,PAS 10004,Rock,Pop Rock,2019-01-13
5980304,John Lennon,Mind Games,0,"Vinyl (LP, Album, Reissue)",Apple Records; Apple Records,PCS 7165; OC 062 ০ 05491,Rock,Pop Rock,2019-01-13
722226,John Lennon,Rock 'N' Roll,1975,"Vinyl (LP, Album, Stereo)",Apple Records; Apple Records,PCS 7169; 0C 062 05834,Rock,Rock & Roll,2019-01-13
7374326,John Lennon,Walls And Bridges,1974,"Vinyl (LP, Album)",Apple Records; Apple Records; Apple Records,PCTC (W) 253; PCTC 253; OC 066 ᵒ 05733,Rock,Pop Rock,2019-01-13
459185,John Lennon & Yoko Ono,Double Fantasy,1980,"Vinyl (LP, Album, Stereo)",Geffen Records; Geffen Records; Geffen Records,K 99131; K99131; GHS 2001,Rock,Pop Rock,2019-01-13
741968,"John Lennon & Yoko Ono, The Plastic Ono Band, Elephants Memory, Invisible Strings",Some Time In New York City,1972,"Vinyl (LP, Album, Stereo)",Apple Records,PCSP 716,Rock,Rock & Roll; Art Rock; Avantgarde; Noise Rock,2019-01-13
4383259,"John Lennon, The Plastic Ono Band",Shaved Fish,1975,"Vinyl (LP, Album, Compilation, Stereo)",Apple Records; Apple Records; Apple Records,PCS 7173; 0C 0620 ○ 05987; PCS 7173 ✱,Rock; Pop,Art Rock; Pop Rock; Ballad,2019-01-13
65323,Joi Cardwell,Jump For Joi,1995,"Vinyl (12"")",Avex UK,AVEX T9,Electronic,House,2017-10-21
7397837,Joni Mitchell,Blue,1975,"Vinyl (LP, Album, Reissue)",Reprise Records,K44128,Pop,Acoustic; Ballad; Folk,2019-01-13
773473,Joni Mitchell,Court And Spark,1974,"Vinyl (LP, Album, Stereo)",Asylum Records; Asylum Records,SYLA 8756; OC 064 ◦ 95090,Jazz; Rock,Soft Rock; Pop Rock; Jazz-Rock,2019-01-13
2696528,Joni Mitchell,Don Juan's Reckless Daughter,1977,"Vinyl (LP, Album, Stereo)",Asylum Records,BB-701,Jazz; Rock; Pop,Folk Rock; Contemporary Jazz; Experimental,2019-01-13
1456218,Joni Mitchell,For The Roses,1972,"Vinyl (LP, Album, Stereo)",Asylum Records; Asylum Records,SYLA 8753; 1E 064 ○ 93984,Jazz; Rock,Folk Rock; Art Rock,2019-01-13
773476,Joni Mitchell,Hejira,1976,"Vinyl (LP, Album)",Asylum Records; Asylum Records,K53053; K.53053,"Jazz; Rock; Folk, World, & Country",Folk Rock; Folk; Contemporary Jazz,2019-01-13
1679782,Joni Mitchell,Night Ride Home,1991,"Vinyl (LP, Album)",Geffen Records; Geffen Records; Geffen Records,9 24302 1; 924 302.1; 9 24302 1-8,Jazz; Rock; Funk / Soul; Pop,Acoustic; Soft Rock; Vocal; Ballad,2019-01-13
517046,Joni Mitchell,The Hissing Of Summer Lawns,1976,"Vinyl (LP, Album, Stereo)",Asylum Records,SYLA 8763,Jazz; Rock; Pop,Contemporary Jazz; Jazz-Rock; Soft Rock,2019-01-13
5103747,"Joni Mitchell, The L.A. Express",Miles Of Aisles,0,"Vinyl (LP, Album, Reissue)",Asylum Records,AS 63 001,Rock,Folk Rock,2019-01-13
1156465,José Feliciano,Feliciano!,1969,"Vinyl (LP, Album, Reissue, Stereo)",RCA Victor,SF 7946,Rock; Pop,Soft Rock,2017-11-02
387754,Joy Division,She's Lost Control / Atmosphere,1980,"Vinyl (12"", 45 RPM, Single)",Factory (US); Factory (US),Facus 2; FACUS 2,Rock,New Wave; Post-Punk,2018-08-27
1847018,Jurassic 5,Feedback Instrumentals,2006,Vinyl (LP),Up Above Records,UPA3136-1,Electronic; Hip Hop,Instrumental,2018-08-27
240169,Just-Ice,Masterpiece,1990,"Vinyl (LP, Album)",Fresh Records; Fresh Records,LPRE-82016; LPRE 82016,Hip Hop,,2018-08-27
12138973,Kamasi Washington,Heaven And Earth,2018,"Vinyl (LP, Album)",Young Turks,YT176LP,Jazz,Contemporary Jazz; Soul-Jazz; Fusion,2018-07-05
525519,Kanye West,Gold Digger,2005,"Vinyl (12"", 33 ⅓ RPM, Limited Edition, Picture Disc)",Roc-A-Fella Records,9885696,Hip Hop,,2018-10-06
68059,Kaos,Freedom Of Choice,1995,"Vinyl (12"", 33 ⅓ RPM, Limited Edition)",Six6,SixT124,Electronic,House; Garage House,2018-10-06
147575,Keiichi Suzuki,Satellite Serenade Pt. 1,1994,"Vinyl (12"", 33 ⅓ RPM)",AO Records,ORAOC .08,Electronic,House; Dub; Trance; Ambient,2019-01-13
219649,Kelis,Milkshake,2004,"Vinyl (12"", Single, 33 ⅓ RPM)",Virgin; Arista; Star Trak Entertainment,VST 1863; 07243 5 47529 6 4; 07243 5 47529 6 4,Electronic; Hip Hop; Funk / Soul,Downtempo; House; Contemporary R&B,2018-10-06
3215,Kelli Hand,Global Warning,1994,"Vinyl (12"", 33 ⅓ RPM)",Warp Records,WAP 55,Electronic,Techno; Acid,2018-10-06
942366,Keltech,Fader Food Volume 1,2007,"Vinyl (12"")",Pyraplastic Recordings,PR012,Electronic; Hip Hop,Breakbeat; Broken Beat; DJ Battle Tool; Cut-up/DJ; Breaks,2018-10-06
1894378,Keltech & Johnny B,The Name,2003,"Vinyl (12"", Album)",SBA Records; Columbia Music Publishing Ltd.,0001; none,Hip Hop,Conscious; Cut-up/DJ,2018-10-06
126904,Killa Kela,Heavy Artillery,2000,"Vinyl (12"", 33 ⅓ RPM)",Jazz Fudge; Jazz Fudge,JFR 025; JFR025,Hip Hop,,2018-10-06
702337,King Crimson,Red,1974,"Vinyl (LP, Album)",Island Records,ILPS 9308,Rock,Prog Rock,2017-10-21
4115611,King Crimson,USA,0,"Vinyl (LP, Album, Repress)",Polydor,2302-067,Rock,Psychedelic Rock; Prog Rock,2017-10-21
488340,King Just,Warriors Drum,1995,"Vinyl (12"", 33 ⅓ RPM, Promo)",Ruffness; XL Recordings,XLT 60 DJ; XLT 60 DJ,Electronic; Hip Hop,Drum n Bass; Hip Hop,2018-10-06
904041,The Kinks,20 Golden Greats,1978,"Vinyl (LP, Compilation, Stereo, Mono)",Ronco; Pye Records,RPL 2031; RPL 2031,Rock,Pop Rock; Mod,2018-10-06
2470094,The Kinks,Arthur Or The Decline And Fall Of The British Empire,1981,"Vinyl (LP, Album, Reissue, Mono)",PRT; Pye Records,202 039; 202 039-241,Rock,Pop Rock; Classic Rock,2018-10-06
11523443,The Kinks,Sunny Afternoon,1967,"Vinyl (LP, Stereo, Compilation)",Marble Arch,MALS 716,Rock,Rock & Roll,2018-10-06
227909,Kinobe,Party Animals,2003,"Vinyl (12"", EP)",Pepper Records,82876 560341,Electronic,Trip Hop; Breaks; Downtempo,2018-10-06
688662,Klaus Wunderlich,Sound 2000 (Moog-Organ-Rhythm),1973,"Vinyl (LP, Album)",Telefunken,SLE 14 715-P,Electronic; Jazz; Latin; Pop,Easy Listening,2019-01-13
889912,Kool & The Gang,As One,1982,"Vinyl (LP, Album, Stereo)",De-Lite Records; De-Lite Records,DSR 003; DSR 3,Funk / Soul,Disco,2018-10-06
971744,Kool & The Gang,Celebrate!,1980,"Vinyl (LP, Album)",De-Lite Records,6359 029,Funk / Soul,Disco,2018-10-06
516797,Kool & The Gang,Open Sesame,1976,"Vinyl (LP, Album)",De-Lite Records; De-Lite Records,DEP-2023; DEP 2023,Jazz; Funk / Soul,Funk; Jazz-Funk; Soul-Jazz,2018-10-06
128013,Kraftwerk,Computer Love / The Model,1981,"Vinyl (12"", Single, 45 RPM)",EMI,12 EMI 5207,Electronic,Electro; Synth-pop,2018-10-06
72038,Kraze,The Party,1988,"Vinyl (12"", 45 RPM, Stereo)",MCA Records; Big Beat,MCAT 1288; MCAT 1288,Electronic,House,2018-10-06
598287,Kris Kross,It's A Shame,1992,"Vinyl (12"", Single)",Columbia,658858 6,Hip Hop,,2018-10-06
538428,KRS-One,Outta Here,1993,"Vinyl (12"", 33 ⅓ RPM)",Jive,JIVE T 340,Hip Hop,Boom Bap,2018-10-06
488100,Kurtis Blow,Only The Strong Survive / Still On The Scene,1988,"Vinyl (12"", 33 ⅓ RPM, Stereo)",Mercury,870 992-1,Hip Hop,,2018-10-06
64150,Kylie Minogue,Where Is The Feeling?,1995,"Vinyl (12"", 33 ⅓ RPM, Single)",Deconstruction,74321 29361 1,Electronic,House; Downtempo; Deep House,2019-01-13
405411,L7,Everglade,1992,"Vinyl (12"", 33 ⅓ RPM, Single, Single Sided, Etched, Limited Edition, Numbered)",Slash; London Records,LASXP 36; 869 751-1,Rock,Alternative Rock; Punk; Heavy Metal,2017-11-02
1187898,Lack Of Afro,Press On,2007,"Vinyl (LP, Album)",Freestyle Records (2),FSR LP034,Electronic; Funk / Soul,Breaks; Funk,2018-10-06
445340,Lalo Schifrin,Enter The Dragon (Original Motion Picture Soundtrack),2001,"Vinyl (LP, Album, Reissue, Stereo)",Warner Bros. Records; Warner Strategic Marketing United Kingdom,9362 48074-1; 9362 48074-1,Jazz; Funk / Soul; Stage & Screen,Soul-Jazz; Soundtrack; Jazz-Funk,2017-11-02
723523,The Last Skeptik,Wordsearch / Prior To The Present,2004,"Vinyl (12"")",Netgroove,NET 1202,Hip Hop,,2018-10-06
101279,The League Of Chubby Gentlemen,Do Y'Wanna Dance,1994,"Vinyl (12"", 33 ⅓ RPM)",Global Grooves,GLOB 007,Electronic,House,2017-12-30
12210630,Led Zeppelin,Led Zeppelin III,1970,"Vinyl (LP, Album)",Atlantic; Atlantic,2401-002; SD 7201,Rock,Classic Rock; Hard Rock,2018-10-06
6265576,Led Zeppelin,Untitled,2014,"Vinyl (LP, Album, Reissue, Remastered, Stereo)",Atlantic,R1-535340,Rock,Hard Rock; Blues Rock,2018-10-06
2454724,Lee Fields,Problems.,2010,"Vinyl (LP, Album, Reissue)",Truth & Soul,TSLP-011,Funk / Soul,Funk,2017-11-02
694810,"Leena Conquest, Hip Hop Finger",Boundaries,1994,"Vinyl (12"", 33 ⅓ RPM, Single)",RCA; Natural Response; BMG,74321208521; 74321208521; 74321208521,Electronic; Hip Hop,Acid Jazz; Trip Hop,2017-10-26
130809,Lemon Jelly,Space Walk / Pushy,2002,"Vinyl (10"", 33 ⅓ RPM)",XL Recordings; Impotent Fury,IFXLT 150; IFXLT 150,Electronic,Downtempo,2019-01-13
911810,"Lenny Kravitz, Jay-Z",Storm,2004,"Vinyl (12"", Single)","Virgin Records America, Inc.",7243 8 61711 1 5,Hip Hop; Rock,Pop Rock,2019-01-13
652936,Leonard Cohen,Greatest Hits,1975,"Vinyl (LP, Compilation, Stereo)",CBS; CBS,CBS 69161; 69161,"Rock; Pop; Folk, World, & Country",Folk Rock; Folk,2017-10-21
5572097,Leonard Cohen,Songs From A Room,0,"Vinyl (LP, Album, Reissue)",CBS,CBS 32074,Rock,Folk Rock,2017-10-21
3156791,Leonard Cohen,Songs Of Leonard Cohen,1971,"Vinyl (LP, Album, Reissue, Repress, Stereo)",CBS; CBS,SBPG 63241; 63241,"Folk, World, & Country",Folk,2017-10-21
483725,Leonard Cohen,Songs Of Love And Hate,1971,"Vinyl (LP, Album)",Columbia,C 30103,"Folk, World, & Country",Folk Rock; Folk; Ballad,2017-10-21
55938,Les Negresses Vertes,Après La Pluie,1995,"Vinyl (12"", 33 ⅓ RPM, Single)",Virgin; Delabel,7243 8 92939 6 8; DLBT 6,Electronic,House; Tribal; Tribal House,2019-01-13
20977,LFO,LFO,1990,"Vinyl (12"", 45 RPM)",Warp Records; Outer Rhythm,WAP 5; WAP 5,Electronic,Techno; Bleep,2017-11-02
1222363,LFO,LFO,1990,"Vinyl (12"", 45 RPM)",Warp Records; Outer Rhythm,WAP 5; WAP 5,Electronic,Techno; Bleep,2019-01-13
2464,LFO,LFO Remix,1990,"Vinyl (12"", 45 RPM)",Warp Records; Outer Rhythm,WAP 5R; WAP 5R,Electronic,House; Techno; Bleep,2019-01-13
1839146,Lil' Kim,Lighters Up,2005,"Vinyl (12"", 33 ⅓ RPM)",Atlantic,7567 94021,Hip Hop,Pop Rap,2019-01-13
576069,"Lil' Kim, Da Brat, Lisa ""Left Eye"" Lopes, Missy Elliott, Angie Martinez",Not Tonight,1997,"Vinyl (12"", 45 RPM, Single, Stereo)",Atlantic; Atlantic,AT 0007T; AT 0007(T),Hip Hop; Funk / Soul,Contemporary R&B,2019-01-13
5973,Lil' Louis,French Kiss,1989,"Vinyl (12"", 45 RPM)",FFRR; FFRR,FX 115; 886 675-1,Electronic,Acid House; Deep House,2019-01-13
346580,Limbomaniacs,Shake It,1992,"Vinyl (12"")",In-Effect,657793 6,Electronic; Hip Hop,Breakbeat; Trip Hop; Hip Hop,2019-01-13
1336605,Linton Kwesi Johnson,LKJ In Dub,1981,"Vinyl (LP, Album, Reissue)",Island Records,ILPS 9650,Reggae,Dub,2019-01-13
194555,Little Axe,Ride On (Fight On),1994,"Vinyl (10"", 45 RPM)",Wired Recordings,WIRED 108,Electronic,Techno; Downtempo,2019-01-13
3432407,Little Roy,Without My Love / Christopher Columbus,1981,"Vinyl (12"", 45 RPM)",Copasetic Records,COPDIS 4,Reggae,,2019-01-13
2945748,LL Cool J,Go Cut Creator Go,1987,"Vinyl (12"", 45 RPM, EP)",Def Jam Recordings; Def Jam Recordings,LLCJ Q1; LLCJQ1,Hip Hop,,2019-01-13
512352,LL Cool J,How I'm Comin',1993,"Vinyl (12"", Single)",Def Jam Recordings,44-74810,Hip Hop,Pop Rap,2019-01-13
3189001,LL Cool J,Mama Said Knock You Out,1990,"Vinyl (LP, Album, Stereo)",Def Jam Recordings; CBS,467315 1; 467315 1,Hip Hop,,2019-01-13
328355,London Posse,Best Of London Posse: Gangster Chronicle,2001,"Vinyl (LP, Album, Reissue, Remastered)",Wordplay Records,WORDLP 017,Hip Hop,Ragga HipHop,2019-01-13
213205,London Posse,How's Life In London / Shut The Fuck Up,1993,"Vinyl (12"", 33 ⅓ RPM)",Bullett Records,BULT2,Hip Hop,,2019-01-13
213208,London Posse,London Posse EP,1993,"Vinyl (12"", 45 RPM)",Bullett Records,BULT 3,Hip Hop,,2019-01-13
264077,Lonnie Liston Smith And The Cosmic Echoes,Cosmic Funk,1974,"Vinyl (LP, Album, Stereo)",Flying Dutchman,BDL1-0591,Jazz,Fusion; Jazz-Funk; Spiritual Jazz,2019-01-13
12586896,Lonnie Liston Smith And The Cosmic Echoes,Expansions,1975,"Vinyl (LP, Album)",RCA Victor; RCA Victor; RCA Victor,SF8434; SF 8434; BDL1 0934,Jazz,Jazz-Funk,2019-01-13
799098,Loose Ends,Don't Be A Fool (Remix),1990,"Vinyl (12"")",10 Records,TENR 312,Electronic; Funk / Soul,Downtempo; Soul,2019-01-13
80189,Loose Ends,Hangin' On A String (Frankie Knuckles Remix),1992,"Vinyl (12"", 45 RPM, Single, Stereo)",10 Records; 10 Records,TENX 406; 615 357,Funk / Soul,Soul,2019-01-13
5057494,Lorde,Pure Heroine,2013,"Vinyl (LP, Album, Stereo)",Universal Music New Zealand,602537539857,Pop,Indie Pop; Synth-pop; Alt-Pop,2019-01-13
3824911,"Louis Armstrong, Duke Ellington",Satchmo And The Duke,1969,"Vinyl (LP, Compilation, Stereo)",Saga (5); Saga Eros,EROS 8097; EROS 8097,Jazz,Swing,2017-10-21
3655038,Love Unlimited,In Heat,1974,"Vinyl (LP, Album)",Philips; Philips,6370 213; 6370 213 D,Funk / Soul,Soul,2019-01-13
1996620,Loving Awareness,Loving Awareness,1976,"Vinyl (LP, Album, Stereo)",More Love Records; More Love Records,ML001; ML 001,Rock; Funk / Soul; Pop,Pop Rock; Funk; Soft Rock,2017-10-21
1403050,Luciana,"What Goes Around (12"" Mixes)",1994,"Vinyl (12"")",Chrysalis; Chrysalis,12chs 5015; 7243 881782 6 6,Electronic,House; Tribal House,2019-01-13
3704434,Ludwig van Beethoven,"Symphony No. 5 In C Minor, Opus 67",1983,"Vinyl (LP, Reissue, Stereo)",Deutsche Grammophon,410 478-1,Classical,Romantic; Symphony,2017-10-21
5589379,"Ludwig van Beethoven, Sir Colin Davis, Arthur Grumiaux, Concertgebouworkest","Violin Concerto In D, Opus 61",1983,"Vinyl (LP, Reissue, Stereo)",Philips,410 483-1,Classical,Romantic,2017-10-21
6282407,Lyn Collins,Check Me Out If You Don't Know Me By Now,1988,"Vinyl (LP, Album, Reissue)",Urban (2); Polydor,835 396-1; 835 396-1,Funk / Soul,Soul; Funk,2017-10-21
1684712,Lyn Collins,Think (About It),0,"Vinyl (LP, Album, Reissue, Stereo)",People (8); Polydor,PE 5602; 2391 044,Funk / Soul,Soul; Funk,2017-10-26
333712,M (2),Pop Muzik (Ben Liebrand Remix),1989,"Vinyl (12"", 45 RPM)",Freestyle Records,12 FRS R1,Electronic,Synth-pop,2019-01-13
13170,"M-Beat, Jamiroquai",Do U Know Where You're Comin From,1996,"Vinyl (12"", 33 ⅓ RPM)",Renk Records,12RENK T63,Electronic,Drum n Bass,2018-07-01
4037219,Madness,Absolutely,1980,"Vinyl (LP, Album)",Stiff Records,SEEZ 29,Rock,Ska,2019-01-13
370989,Madness,Complete Madness,1982,"Vinyl (LP, Compilation, Stereo)",Stiff Records,HIT-TV1,Rock; Pop,Ska; Pop Rock; New Wave,2019-01-13
395329,Madness,One Step Beyond...,1979,"Vinyl (LP, Album, Misprint)",Stiff Records,SEEZ 17,Rock,Ska,2019-01-13
2541284,Madness,The Rise & Fall,1982,"Vinyl (LP, Album)",Stiff Records,SEEZ 46,Rock,Ska,2019-01-13
455631,Madvillain,Four Tet Remixes,2005,"Vinyl (12"", EP)",Stones Throw Records,STH 2102,Electronic; Hip Hop,Abstract; Breaks,2019-01-13
839844,Maestro Fresh-Wes,Let Your Backbone Slide,1990,"Vinyl (12"", 45 RPM)",Lisson Records; Lisson Records,DOLE Q16; DOLEQ 16,Hip Hop,,2019-01-13
634845,The Magic Numbers,"I See You, You See Me",2006,"Vinyl (7"", 45 RPM, Limited Edition)",Heavenly; Heavenly,HVN156X; HVN 156X,Rock,Pop Rock; Indie Rock,2018-08-27
4841803,Mahapurush Misra,Rythmes De L'Inde,0,"Vinyl (LP, Stereo)",Philips,844.534 PY,"Folk, World, & Country",,2019-01-13
1352223,The Mamas & The Papas,20 Greatest Hits,1980,"Vinyl (LP, Compilation)",Music For Pleasure,MFP 50493,Rock; Pop,Folk Rock; Pop Rock; Sunshine Pop,2019-01-13
172209,Man Machine,Man Machine,1989,"Vinyl (12"", 45 RPM, Promo)",Rhythm King,MMAN 1TP,Electronic,House; Techno; Bleep,2019-01-13
123608,Mantronix,Who Is It?,1986,"Vinyl (12"", 45 RPM, Single, Special Edition)",10 Records,TEN X 137,Electronic; Hip Hop,Electro,2019-01-13
50137,"Marc Kinchen, Forgemasters",Network Retro #8 - Back 2 Back Classics,1993,"Vinyl (12"", 33 ⅓ RPM, Limited Edition, Remastered)",Network Records,NWKBBT8,Electronic,House,2019-01-13
546130,Mariah Carey,Fantasy,1995,"Vinyl (12"", 33 ⅓ RPM, Stereo)",Columbia,44X 78044,Electronic; Funk / Soul; Pop,House; Deep House; Contemporary R&B,2017-10-21
332199,"Mark B, Tommy Evans",Move.. Now,2004,"Vinyl (12"")",GENUINE; [PIAS] Recordings,GEN 033T; 508.033.130,Hip Hop,Bounce,2019-01-13
1292893,"Mark Ronson, Phantom Planet",Just,2008,"Vinyl (10"", 45 RPM, Limited Edition)",Sony BMG Music Entertainment,88697 27121 1,Electronic; Hip Hop; Funk / Soul,Leftfield; House; Downtempo,2019-09-29
16373262,Mark Ski,Catch-REC,2021,"Vinyl (12"", 33 ⅓ RPM, Album, Stereo)",FiveSe7en Collective,F7C-SKI-LP001,Hip Hop,Boom Bap,2024-07-16
10708001,Mark Ski,Play-Dioh: The Remix EP,2017,"Vinyl (10"", 45 RPM, EP, Limited Edition, Picture Disc, Stereo)",FiveSe7en Music,FSV-001,Hip Hop,Boom Bap,2019-01-13
1133537,Martha Reeves,Martha Reeves,1974,"Vinyl (LP, Album)",MCA Records; MCA Records,MCA-414; MCA414,Funk / Soul,Soul,2019-09-29
934611,Martha Reeves & The Vandellas,Dancing In The Street!,1974,"Vinyl (LP, Compilation)",Pickwick,SPC-3386,Funk / Soul,,2019-01-13
1263934,Marvin Gaye,How Sweet It Is (To Be Loved By You),1973,"Vinyl (LP, Compilation, Stereo)",Sounds Superb; Music For Pleasure,SPR 90006; SPR 90006,Funk / Soul,Soul,2017-12-27
1144126,Marvin Gaye,Let's Get It On,1973,"Vinyl (LP, Album, Stereo)",Tamla Motown; Tamla Motown,STMA 8013; OC 064 ○ 94755,Funk / Soul,Soul,2017-12-27
4974445,Marvin Gaye,Let's Get It On,1973,"Vinyl (LP, Album)",Tamla Motown,STMA 8013,Funk / Soul,Soul,2017-12-27
1279554,Marvin Gaye,Love Songs,1990,"Vinyl (LP, Compilation, Stereo)",Telstar,STAR 2427,Funk / Soul,,2017-12-27
665916,Marvin Gaye,Midnight Love,1982,"Vinyl (LP, Album)",CBS,CBS 85977,Electronic; Funk / Soul,Rhythm & Blues; Funk; Disco,2017-12-27
506443,Marvin Gaye,Trouble Man,1972,"Vinyl (LP, Album)",Tamla; Tamla,T 322L; T-322L,Jazz; Funk / Soul; Stage & Screen,Soul; Soundtrack; Funk,2017-12-27
1369855,Mary Anne Hobbs,Evangeline,2008,"Vinyl (12"", 33 ⅓ RPM, Compilation)",Planet Mu,ZIQ209,Electronic,Dubstep; Grime; Experimental; Dark Ambient; IDM; Techno,2019-01-13
7481605,Massive Attack,Blue Lines,1991,"Vinyl (LP, Album)",Wild Bunch Records; Circa,WBRLP 1; WBRLP 1,Electronic,Trip Hop; Downtempo,2019-01-13
596865,Masta Ace,I Got Ta,1990,"Vinyl (12"", 45 RPM, Single, Stereo)",Reprise Records; WEA Records Ltd.; Cold Chillin',W 9505T; W 9505T; W 9505T,Hip Hop,,2019-01-13
20146,Masters At Work,La India Con La Voe (Viva Puerto Rico),1997,"Vinyl (12"", 33 ⅓ RPM)",MAW Records,MAW 016,Electronic,Latin; Tribal House; Garage House,2019-01-13
49874,"Maurice Joshua, House 101",Time To Get Skooled!!!,1994,"Vinyl (12"", 33 ⅓ RPM)",Vibe Music,VIB018,Electronic,House,2018-08-27
562993,Max Boyce,I Know Cos- I Was There!!,1978,"Vinyl (LP, Album, Stereo)",EMI; EMI,MAX 1001; 0C 062-06 662,"Folk, World, & Country",Country; Folk; Comedy; Spoken Word,2017-10-21
199199,"MC Duke, DJ Leader 1",Organised Rhyme,1989,"Vinyl (LP, Album)",Music Of Life,DUKE 1,Hip Hop,,2017-10-29
2156061,MC5,Do It,1987,"Vinyl (LP, Album, Stereo)",Revenge Records (2),MIG 5,Rock,Garage Rock,2019-01-13
577975,Meon,1st EP,1997,"Vinyl (12"")",Meon Heightz,MHZ1201,Hip Hop,Instrumental; Cut-up/DJ; Trip Hop,2019-01-13
1791737,Merc And Monk,Merc And Monk,1985,"Vinyl (LP, Album)",Manhattan Records,ST53005,Funk / Soul,,2019-01-13
393153,Mercedes,Living For The Moment,1994,"Vinyl (12"")",Vinyl Solution,STORM 82,Electronic,House; Garage House,2019-01-13
326455,Metal Fingers,"Special Herbs 4, 5, 6",2004,"Vinyl (LP, Album, Reissue, Stereo); Vinyl (7"", 45 RPM, Stereo)",Shaman Work Recordings; Metal Face Records; Fat Beats,SW007-1; SW007-1; SW007-1,Hip Hop,Instrumental,2017-10-29
2249699,The Meters,Cabbage Alley,1972,"Vinyl (LP, Album)",Reprise Records,K44242,Funk / Soul,Soul; Funk,2019-01-13
10963615,The Meters,Struttin',2017,"Vinyl (LP, Album, Reissue)",Josie; 8th Records,JOS 4012; ETH 4012LP,Funk / Soul,Bayou Funk; Soul,2019-01-13
1453681,The Meters,The Meters,2008,"Vinyl (LP, Album, Reissue)",Josie,JOS 4010,Funk / Soul,Bayou Funk,2019-01-13
57944,Metro,Journey Thru The N.Y. Underground,1990,"Vinyl (12"", 33 ⅓ RPM, EP)",Republic Records (2); Republic Records (2),LICMLP 036; LICMLP036,Electronic,House; Deep House; Garage House,2019-01-13
767259,"Metta Bhavna, The Supreme Court",Everytime,1995,"Vinyl (12"", 33 ⅓ RPM)",Justice Records (3),12 JUS 005,Electronic,House,2018-08-27
356592,MF Doom,MM..Food,2004,"Vinyl (LP, Album)",Rhymesayers Entertainment,RSE0051-1,Hip Hop,Boom Bap; Jazzy Hip-Hop; Conscious,2017-10-29
3029842,MF Doom,Operation: Doomsday,2011,"Box Set (Reissue); Vinyl (LP, Album, Remastered); Vinyl (LP, Compilation)",Metal Face,MF1104,Hip Hop,Experimental; Boom Bap,2017-10-29
2452212,Mica Paris,Young Soul Rebels,1991,"Vinyl (12"", 45 RPM)",Big Life; Big Life,BLR T 57; INT 867 741-1,Electronic; Funk / Soul,House; Jazzdance,2019-01-13
8432069,Michael Hedges,Live On The Double Planet,1987,"Vinyl (LP, Album)",Windham Hill Records; Windham Hill Records,37 1066-1; 37 1066-1,"Rock; Folk, World, & Country",Acoustic,2018-01-07
266342,Michael Jackson,Off The Wall,1979,"Vinyl (LP, Album, Repress, Stereo)",Epic,EPC 83468,Funk / Soul; Pop,Disco; Soul,2018-07-01
7747375,Michael Jackson,Thriller,1982,"Vinyl (LP, Album, Stereo)",Epic,EPC 85930,Funk / Soul,Disco,2018-07-01
3443481,Michel Colombier,Michel Colombier,1979,"Vinyl (LP, Album)",Chrysalis,CHR 1212,Jazz,Fusion,2017-10-26
3219801,"Mike James Kirkland, Mike & The Censations",Don't Sell Your Soul,2011,"Vinyl (LP, Compilation, Limited Edition)",Luv N' Haight,LHLP064,Funk / Soul,Soul; Funk,2018-10-06
4252198,"The Miles Davis Sextet, The Thelonious Monk Quartet",Miles & Monk At Newport,0,"Vinyl (LP, Album, Reissue, Stereo)",CBS,CBS 85557,Jazz,Hard Bop; Bop; Modal,2019-01-13
1020419,Minds In Transit,Vicious Cycle / Big Tings 'A' G'wan,1995,"Vinyl (12"", 33 ⅓ RPM)",Shocking Colour,SC 002,Hip Hop,,2019-01-13
383980,Minnie Riperton,Les Fleurs - The Minnie Riperton Anthology,2002,"Vinyl (LP, Compilation)",Stateside; EMI,7243 5 35127 1 2; 535 1271,Jazz; Funk / Soul,Smooth Jazz; Downtempo; Soul; Disco,2019-09-29
481190,"Mint Royale, Lauren Laverne",Don't Falter,2000,"Vinyl (12"", 33 ⅓ RPM, Single)",Faith & Hope Records Limited,FH12014,Electronic; Rock; Classical,Breakbeat; Synth-pop; Britpop,2019-01-13
56537,Mix Master Mike,Anti-Theft Device,1998,"Vinyl (LP, Album)",Asphodel,ASP 0985,Electronic; Hip Hop,Instrumental; Breaks; Cut-up/DJ; Experimental; Turntablism,2024-07-16
1979638,Mixman,Dub Like Wildfire,1991,"Vinyl (LP, Album)",Blakamix,BLKMX 004,Reggae,Dub,2017-10-29
38809,Moby,Go (Mixes),1991,"Vinyl (12"", 45 RPM)",Outer Rhythm; Instinct Records,FOOT 15X; FOOT 15X,Electronic,Techno,2019-01-13
3103909,Mogwai,Kicking A Dead Pig - Mogwai Songs Remixed,1998,"Vinyl (LP, Promo)",Eye Q Records,EYE UK LP 019,Electronic; Rock,Abstract; Ambient; Breakcore; Downtempo; Drum n Bass; Experimental; IDM; Leftfield; Post Rock,2019-01-13
1027057,Monica De Luxe,Don't Let This Feeling Stop / Soul Inspiration,1994,"Vinyl (12"")",Indochina,ID006T,Electronic,Future Jazz; Garage House,2018-07-01
5743385,The Moody Blues,In Search Of The Lost Chord,1968,"Vinyl (LP, Album, Stereo)",Deram; Deram,SML 711; SML.711,Rock,Psychedelic Rock; Symphonic Rock,2019-01-13
8841512,The Moody Blues,Seventh Sojourn,1972,"Vinyl (LP, Album)",Threshold (5),THS 7,Rock,Psychedelic Rock,2019-01-13
268169,Mr. Dibbs,Sucker Punch Breaks Volume 1,2003,"Vinyl (12"", 33 ⅓ RPM)",Rhymesayers Entertainment,RS2009,Hip Hop,DJ Battle Tool,2017-10-29
316616,"Mr. Dibbs, Five Deez","Table Noise, Vol. 1",2000,"Vinyl (12"")",Dimensia Recordings,DIM7502,Hip Hop,DJ Battle Tool,2017-10-29
123589,Ms. Dynamite,A Little Deeper,2002,"Vinyl (LP, Album)",Polydor,065 110-1,Electronic; Hip Hop; Funk / Soul,Downtempo; Contemporary R&B,2017-10-29
2917210,Mud,It's Better Than Working,1976,"Vinyl (LP, Album)",Private Stock,PVLP 1011,Rock; Pop,Soft Rock; Pop Rock; Glam,2019-01-13
88927,Music For Lovers,Possesive,1995,"Vinyl (12"")",Club B,1001,Electronic,House,2017-10-28
366562,Musical Youth,"Pass The Dutchie (Special 12"" Club Version)",1982,"Vinyl (12"", 45 RPM)",MCA Records; MCA Records,YOUT 1; YOU(T) 1,Reggae,Reggae-Pop,2019-01-13
4018980,My Second Head,Los Jack Machine (Soundtrack),2012,Vinyl (LP),Free Seeds Films,none,Funk / Soul,,2019-01-13
85771,N-Joi,Bad Things,1995,"Vinyl (12"", 45 RPM)",Deconstruction,74321 27729 1,Electronic,House; Acid,2019-01-13
99174,N.W.A.,Panic Zone,1988,"Vinyl (12"", 45 RPM)",Rams Horn Records,RHR 3750,Hip Hop,Gangsta; Electro,2019-01-13
81569,N.W.A.,Straight Outta Compton,1989,"Vinyl (LP, Album)",Ruthless Records; Priority Records; 4th & Broadway,BRLP 534; BRLP 534; BRLP 534,Hip Hop,Gangsta; Hardcore Hip-Hop,2019-01-13
246729,N.W.A. And The Posse,N.W.A. And The Posse,1987,"Vinyl (LP, Compilation, Stereo)",Macola Record Co.; Macola Record Co.,MRC-LP-1057; MRC-LP 1057,Hip Hop,Gangsta; Electro; Bass Music,2019-01-13
299122,N*E*R*D,Maybe,2004,"Vinyl (12"")",Virgin; Virgin,7243 5 49572 1 5; VUST 291,Electronic; Hip Hop,Leftfield; House; Hip Hop,2019-01-13
238595,Nas,The Lost Tapes,2002,"Vinyl (LP, 45 RPM, Compilation, Stereo)",Columbia,509362 1,Hip Hop,Boom Bap; Conscious,2019-01-13
2126930,Naughty By Nature,O.P.P.,1992,"Vinyl (12"", Promo, 45 RPM)",Big Life,NBN PROMO 3,Hip Hop,,2019-01-13
65998,Neneh Cherry,Raw Like Sushi,1989,"Vinyl (LP, Album)",Virgin; Virgin,7 91252-1; 1-91252,Electronic; Hip Hop; Funk / Soul,Dance-pop; Acid Jazz; Big Beat; Downtempo; Pop Rap; Contemporary R&B,2017-10-21
3248679,The New Temperance Seven,The New Temperance Seven,0,Vinyl (LP),Hallmark Marble Arch,HMA 205,Jazz; Pop,,2019-01-13
1349787,Nick Cave & The Bad Seeds,Straight To You / Jack The Ripper,1992,"Vinyl (12"", Single)",Mute,12MUTE140,Rock,Alternative Rock,2017-10-21
175553,Nick Holder,Sampler 01,2003,"Vinyl (12"", Limited Edition, Sampler)",NRK Sound Division,nrknod01,Electronic,House; Future Jazz,2018-02-03
603397,Nightcrawlers,Don't Let The Feeling Go (Dubs),0,"Vinyl (12"", 45 RPM, White Label)",Not On Label,GO-1,Electronic,House,2019-01-13
303915,Non-Prophets,Damage,2004,"Vinyl (12"", 33 ⅓ RPM, Single)",Lex Records,LEX026,Hip Hop,Experimental,2017-10-29
103479,Norman Cook,Won't Talk About It / Blame It On The Bassline,1989,"Vinyl (12"", 45 RPM)",Go! Discs,GODX 33,Electronic; Hip Hop,Downtempo; Hip Hop; Disco,2017-10-26
604177,Not The Nine O'Clock News,Hedgehog Sandwich,1981,"Vinyl (LP, Album, Stereo, Mono)",BBC Records,REB 421,Non-Music; Pop; Stage & Screen,Comedy; Spoken Word; Parody,2019-01-13
487623,Nuyorican Soul,I Am The Black Gold Of The Sun,2005,"Vinyl (12"", 33 ⅓ RPM, EP, Stereo)",Talkin' Loud Classics,9829598,Electronic; Funk / Soul,House; Speed Garage; Soul; Deep House,2019-01-13
83601,"NY's Finest, Victor Simonelli",Do You Feel Me,1993,"Vinyl (12"", 33 ⅓ RPM)",Fruittree Records,FTREE 6,Electronic,House; Garage House,2017-12-27
5287464,Oddisee,Tangible Dream,2014,"Vinyl (LP, Album, Limited Edition)",Mello Music Group,LP-MMG043,Hip Hop,Conscious,2019-01-13
83540,Odyssey (2),Going Back To My Roots,1981,"Vinyl (12"", 45 RPM, Single)",RCA; RCA,RCAT 85; PC 2241,Funk / Soul,Disco,2019-01-13
794672,"Oh No, J Dilla, Roc 'C'",Move Part 2,2005,"Vinyl (12"", Single)",Stones Throw Records; Fatbeats Records,STH2111; STH2111,Hip Hop,Conscious,2019-01-13
158642,Oleta Adams,Never Knew Love,1995,"Vinyl (12"", 33 ⅓ RPM)",Fontana; Fontana,OLEX 9; 852 211-1,Electronic; Funk / Soul,House; Contemporary R&B,2017-10-21
216953,Olimax & DJ Shapps,Last Night A D.J. Saved My Life,1990,"Vinyl (12"", 45 RPM)",EastWest; EastWest,YZ484T; 9031-71828-0,Electronic,House,2019-01-13
367890,Ollie Red-eye,Checkin' Da Cuts,1994,"Vinyl (12"")",Underground Classics,UNC-001,Electronic,Garage House,2019-01-13
1898658,Omar,For Pleasure,1994,"Vinyl (LP, Album)",RCA,74321208531,Funk / Soul,Neo Soul,2019-01-13
1146132,Omar,Music,1992,"Vinyl (LP, Album)",Talkin' Loud; Kongo Dance,512 401-1; 512 401-1,Electronic; Funk / Soul,Acid Jazz; Neo Soul,2019-01-13
883074,Omar,There's Nothing Like This,1990,"Vinyl (LP, Album, Stereo)",Kongo Dance,KDLP 2,Funk / Soul,Acid Jazz; Neo Soul; Contemporary R&B,2019-01-13
521206,Omar,There's Nothing Like This,2005,"Vinyl (12"", 45 RPM, Compilation)",Talkin' Loud Classics,9830067,Electronic; Jazz; Funk / Soul,Acid Jazz; Contemporary R&B; New Jack Swing,2019-01-13
323173,On A High,Hot,1991,"Vinyl (12"", 45 RPM)",Ozone Recordings,OZON 15,Electronic,Breakbeat; House; Techno,2019-01-13
1521937,Opaz,Oh My Goodniss Anutha Dope Jam,1994,"Vinyl (12"", 33 ⅓ RPM, Limited Edition)",Opaz Records,OPH 002,Hip Hop,RnB/Swing,2019-01-13
354989,Optimas Prime,Pyramoya Anthem / Revenge Of The Tramps,2004,"Vinyl (12"", 33 ⅓ RPM)",Dial Up Records,DLR 001,Hip Hop,Bass Music,2019-01-13
11115458,The Orb,Assassin,1992,"Vinyl (12"", 33 ⅓ RPM, Single)",Big Life; Big Life,BLRT 81; 863 875-1,Electronic,Techno,2019-01-13
89981,The Orb,Aubrey Mixes: The Ultraworld Excursions,1991,"Vinyl (LP, Album, Limited Edition)",Big Life; Big Life,BLR LP14; 511811-1,Electronic,Ambient; House; Dub,2019-01-13
24246,The Orb,Blue Room,1992,"Vinyl (12"", 33 ⅓ RPM, Single, Stereo)",Big Life; Big Life,BLRT 75; 863 095-1,Electronic,Dub; Ambient,2019-01-13
2223,The Orb,Perpetual Dawn,1991,"Vinyl (12"", 45 RPM)",Big Life; Big Life,BLR T46; 867 223-1,Electronic,House; Dub; Ambient; Reggae,2019-01-13
135762,The Orb,Pomme Fritz,1994,"Vinyl (LP, Mini-Album)",Island Records; Island Records; Inter-Modo,ORBLP1; 524013-1; 524013-1,Electronic,Abstract; Ambient,2019-01-13
130178,The Orb,U.F.Orb,1992,"Vinyl (LP, Album); Vinyl (LP, Album, Limited Edition); All Media (Limited Edition, Special Edition)",Big Life; Big Life; Big Life; Big Life,BLRLA 18; 513 911-1; ORB FREE 1; 863 375-1,Electronic,Abstract; Techno; Dub; Ambient,2019-01-13
98182,Orbital,Are We Here?,1994,"Vinyl (12"", 33 ⅓ RPM)",Internal,liarxdj 19,Electronic,Techno,2019-01-13
21222,Orbital,Are We Here?,1994,"Vinyl (12"", 33 ⅓ RPM, Single)",Internal; Internal,LIARX15; 857 707.1,Electronic,Techno; Ambient,2019-01-13
76127,Orbital,Lush 3,1993,"Vinyl (12"", Single, 45 RPM)",Internal; Internal,LIAXR7; 857239.1,Electronic,Trance; Techno,2019-01-13
48847,Orbital,Mutations,1992,"Vinyl (12"", 33 ⅓ RPM, EP)",FFRR; FFRR,FXR 181; 869651.1,Electronic,Techno,2019-01-13
100202,Orbital,Peel Session,1994,"Vinyl (12"", EP, 33 ⅓ RPM)",Internal; Internal,LIARX 12; 857423.1,Electronic,Leftfield; Techno; Downtempo; IDM,2019-01-13
783690,OutKast,Idlewild,2006,"Vinyl (LP, Album)",LaFace Records; Zomba Label Group,82876 75266 1; 82876 75266 1,Hip Hop; Funk / Soul,,2019-01-13
545500,P.M. Dawn,"Of The Heart, Of The Soul And Of The Cross: The Utopian Experience",1991,"Vinyl (LP, Album)",Gee Street; Island Records,GEEA 7; 510 276-1,Electronic; Hip Hop,Hip-House; Pop Rap; Soul; Conscious,2019-01-13
60931,Paper Music,Issue #2,1997,"Vinyl (12"", 45 RPM)",Paper Recordings,PAP 015,Electronic,House; Deep House,2019-01-13
3158103,Parliament,Chocolate City,0,"Vinyl (LP, Album, Reissue)",Casablanca,NBLP 7014,Funk / Soul,P.Funk,2019-01-13
13808807,Parliament,Chocolate City,2019,"Vinyl (LP, Album, Limited Edition, Picture Disc, Reissue)",Mercury; UMe,B0029704-01; B0029704-01,Funk / Soul,P.Funk,2024-07-16
649615,Parliament,Deep,1979,"Vinyl (12"", 45 RPM)",Casablanca,CANL 154,Funk / Soul,P.Funk,2019-01-13
881165,Parliament,Funkentelechy Vs. The Placebo Syndrome,1977,"Vinyl (LP, Album)",Casablanca,CALH 2021,Funk / Soul,P.Funk,2019-01-13
631335,Parliament,GloryHallaStoopid (Pin The Tale On The Funky),1979,"Vinyl (LP, Album)",Casablanca,NBLP 7195,Funk / Soul,P.Funk,2019-01-13
3751378,Parliament,Mothership Connection,0,"Vinyl (LP, Album, Reissue)",Casablanca,NBLP 7022,Funk / Soul,P.Funk,2019-01-13
613250,Parliament,Motor Booty Affair,1978,"Vinyl (LP, Album, Picture Disc)",Casablanca,NBPIX 7125,Funk / Soul,P.Funk,2019-01-13
202997,Parliament,Motor Booty Affair,1978,"Vinyl (LP, Album, Stereo)",Casablanca,NBLP 7125,Funk / Soul,P.Funk,2019-01-13
885742,Parliament,Motor-Booty Affair,1978,"Vinyl (LP, Album)",Casablanca,CALH 2044,Funk / Soul,P.Funk,2019-01-13
2821954,Parliament,Osmium,2003,"Vinyl (LP, Album, Reissue, Picture Disc)",Earmark,44008 P,Funk / Soul,P.Funk,2019-01-13
1145871,Parliament,Parliament Live - P.Funk Earth Tour,1977,"Vinyl (LP, Album)",Casablanca,CALD 5002,Funk / Soul,P.Funk,2019-01-13
3794873,Parliament,The Clones Of Dr. Funkenstein,1976,"Vinyl (LP, Album, Stereo)",Casablanca,NBLP 7034,Funk / Soul,P.Funk,2019-01-13
252205,Parliament,The Clones Of Dr. Funkenstein,1977,"Vinyl (LP, Album)",Casablanca,CAL 2003,Funk / Soul,P.Funk,2019-01-13
1524867,Parliament,Trombipulation,1980,"Vinyl (LP, Album)",Casablanca,6302 112,Funk / Soul,P.Funk,2019-01-13
429954,Parliament,Uncut Funk - The Bomb (The Best Of Parliament),1986,"Vinyl (LP, Compilation)",Club,JABB 18,Funk / Soul,P.Funk,2019-01-13
2867947,Parliament,Up For The Down Stroke,1974,"Vinyl (LP, Album)",Casablanca,NB 9003,Funk / Soul,P.Funk,2019-01-13
759536,"Parliament, Funkadelic, P-Funk All Stars",Follow The Leader,1995,"Vinyl (12"", Single)",Hot Hands,12 HOTH 1,Electronic; Hip Hop; Funk / Soul,Electro; Trip Hop; P.Funk,2019-01-13
1243487,Pat Boone,The Best Of Pat Boone,1976,"Vinyl (LP, Compilation)",Music For Pleasure,MFP 50296,Rock; Pop,Rock & Roll; Pop Rock; Vocal,2019-01-13
744698,Patra,Pull Up To The Bumper,1995,"Vinyl (12"", 33 ⅓ RPM)",550 Music,662394 6,Electronic; Reggae,House; Drum n Bass; Dancehall; Jungle; Ragga,2019-01-13
404855,Paul & Linda McCartney,Ram,1971,"Vinyl (LP, Album, Stereo)",Apple Records; Apple Records,PAS 10003; 1E 064 ○ 04810,Rock; Pop,Pop Rock,2019-01-13
685837,Paul Hardcastle,19 (Extended Version),1985,"Vinyl (12"", 45 RPM, Maxi-Single)",Chrysalis,CHST-2860,Electronic,Electro; Synth-pop,2018-01-01
97152,Paul Hardcastle,Walk In The Night,1988,"Vinyl (12"", Single)",Chrysalis,PAULX 4,Electronic; Jazz,Synth-pop; Jazzdance,2018-01-01
1275176,Paul McCartney,McCartney,1970,"Vinyl (LP, Album, Stereo)",Apple Records; Apple Records; Apple Records,PCS 7102; 1E 062 ○ 04394; PCS7102,Rock; Pop,Pop Rock,2019-01-13
4279784,Paul McCartney,McCartney,1970,"Vinyl (LP, Album, Stereo)",Apple Records; Apple Records; Apple Records,PCS 7102; 1E 062 ○ 04394; PCS7102,Rock,Pop Rock,2019-01-13
1960315,Paul McCartney,Снова В СССР,1989,"Vinyl (LP, Album, Repress, Stereo)",Мелодия; MPL (2),А60 00415 006; А60 00415 006,Rock; Pop,Rock & Roll; Blues Rock,2019-01-13
45127,"Paul Oakenfold, Afrika Bambaataa & Soulsonic Force",Planet Rock Remixes,2001,"Vinyl (12"")",Tommy Boy Silver Label,TBV 2266,Electronic,Breakbeat; Electro,2017-10-21
130515,Peace Division,Cool Edge EP,1995,"Vinyl (12"", 33 ⅓ RPM, EP)",Basement 282,PT11,Electronic,House; Techno,2017-10-21
798021,Peanut Butter Wolf,Chrome Children,2006,"Vinyl (LP, Compilation)",Play It Again Sam [PIAS],499.2150.012,Electronic; Hip Hop; Funk / Soul,Electro; Downtempo; Hip Hop,2017-10-21
3422864,Pee Wee Hunt And His Orchestra,12th Street Rag,0,"Vinyl (LP, Mono)",Music For Pleasure,MFP 1151,Jazz,Dixieland,2018-07-01
213126,Pete Rock,Nothin' Lesser / Give It To Y'all,2001,"Vinyl (12"", 33 ⅓ RPM)",Rawkus,RWK-328,Hip Hop,,2019-01-13
6287923,Pete Rock,NY's Finest,2013,"Vinyl (LP, Album, Reissue); Vinyl (7"")",Nature Sounds,NSD 135,Hip Hop,,2019-01-13
294616,Pete Rock,Soul Survivor II,2004,"Vinyl (LP, Album)",Rapster Records; BBE; Soul Brother Records (5),RR0032LP; RR0032LP; RR0032LP,Hip Hop,,2019-01-13
7815366,Pete Rock & C.L. Smooth,Mecca And The Soul Brother,1992,"Vinyl (LP, Album, Stereo)",Elektra; Elektra,7559-60948-1; EKT 105,Hip Hop,Jazzy Hip-Hop; Conscious,2019-01-13
878629,Pete Rock & C.L. Smooth,They Reminisce Over You (T.R.O.Y.),1992,"Vinyl (12"")",Elektra,0-66445,Hip Hop,Boom Bap,2019-01-13
2378430,Pete Rock & C.L. Smooth,Unreleased Joints,2002,"Vinyl (12"", Unofficial Release, Reissue)",EastWest Japan (2); Elektra (2),MFJP-1005; 63980-0,Hip Hop,,2019-01-13
2175136,"Pete Rock, dead prez",Warzone,2004,"Vinyl (12"", 33 ⅓ RPM, EP, Promo)",BBE; Rapster Records,RR0032EP; RR0032EP,Hip Hop,,2019-01-13
3818080,Peter Frampton,I'm In You,1977,"Vinyl (LP, Album)",A&M Records,SP 4704,Rock,Rock & Roll; Pop Rock,2017-12-27
371002,Pharoahe Monch,Internal Affairs (Instrumentals),1999,Vinyl (LP),Rawkus,RWK 1174,Hip Hop,Instrumental,2019-01-13
180560,Pharoahe Monch,Simon Says / Behind Closed Doors,1999,"Vinyl (12"", 33 ⅓ RPM)",Rawkus; Rawkus,RWK 205; RWK 205-1,Hip Hop,,2019-01-13
119213,Philadelphia Bluntz,Dum Dum Dum,1994,"Vinyl (12"", 33 ⅓ RPM)",Indochina,ID018T,Electronic,Breaks,2018-07-01
1182431,Phoenix (10),Everybody (Get Loose),1988,"Vinyl (12"", Promo)",Urban (2),URBX 22 DJ,Electronic,Acid House,2019-01-13
112830,"Photon Inc., Paula Brion",Generate Power,1991,"Vinyl (12"")",FFRR; FFRR,FX 173; 869 577-1,Electronic,House,2019-01-13
4949502,Pink Floyd,A Nice Pair,1973,"Vinyl (LP, Compilation, Stereo)",Harvest,SHDW 403,Rock,Psychedelic Rock; Prog Rock,2019-01-13
391322,Pink Floyd,Animals,1977,"Vinyl (LP, Album, Stereo)",Harvest; Harvest,SHVL 815; 0C 064-98 434,Rock,Prog Rock,2019-01-13
7167042,Pink Floyd,Atom Heart Mother,0,"Vinyl (LP, Album, Reissue, Quadraphonic)",Harvest,Q4SHVL 781,Rock,Psychedelic Rock; Prog Rock,2019-01-13
8078788,Pink Floyd,Meddle,1974,"Vinyl (LP, Album, Reissue, Stereo)",Harvest,SHVL 795,Rock,Psychedelic Rock; Prog Rock,2019-01-13
6991462,Pink Floyd,Obscured By Clouds,0,"Vinyl (LP, Album, Reissue)",Harvest,SHSP 4020,Rock; Stage & Screen,Soundtrack; Psychedelic Rock; Prog Rock,2019-01-13
7102022,Pink Floyd,Relics,1975,"Vinyl (LP, Compilation, Repress, Stereo)",Starline; Starline,SRS 5071; IE 048 o 04775,Rock,Psychedelic Rock; Prog Rock; Space Rock; Experimental; Avantgarde,2019-01-13
1873013,Pink Floyd,The Dark Side Of The Moon,1973,"Vinyl (LP, Album, Stereo)",Harvest; Harvest,SHVL 804; 1E 064 o 05249,Rock,Prog Rock; Psychedelic Rock,2019-01-13
1645802,Pink Floyd,Ummagumma,1969,"Vinyl (LP, Album, Stereo)",Harvest; Harvest; Harvest,SHDW 1/2; 1E 054 ○ 04222; 1E 054 ○ 04223,Rock,Psychedelic Rock; Experimental; Prog Rock,2019-01-13
4608009,Pink Floyd,Wish You Were Here,1975,"Vinyl (LP, Album)",Harvest,SHVL 814,Rock,Psychedelic Rock; Prog Rock,2019-01-13
367074,PJ Harvey,Dress,1991,"Vinyl (12"", Single)",Too Pure,PURE 5,Rock,Indie Rock,2018-01-01
2709851,PJ Harvey,Let England Shake,2011,"Vinyl (LP, Album)",Island Records,2758997,Rock; Pop,Alternative Rock; Indie Rock; Folk Rock,2018-01-01
633553,PJ Harvey,Sheela-Na-Gig,1992,"Vinyl (12"", 45 RPM)",Too Pure,PURE 8,Rock,Indie Rock,2018-01-01
902001,Plan B (4),Remixes,2006,"Vinyl (12"", 33 ⅓ RPM)",679,679L143T,Electronic,Drum n Bass; Grime; Electro; Baltimore Club,2019-01-13
7500037,Plan B (4),Who Needs Actions When You Got Words,2015,"Vinyl (LP, Reissue)",679; 679,679L134; 51011-4979-1,Electronic; Rock,Acoustic; Hip Hop,2019-01-13
11089464,The Police,Every Breath You Take (The Singles),1986,"Vinyl (LP, Compilation)",A&M Records,EVERY 1,Rock,Pop Rock,2019-01-13
1606397,The Police,Ghost In The Machine,1981,"Vinyl (LP, Album, Stereo)",A&M Records,AMLK 63730,Rock; Pop,New Wave; Pop Rock,2019-01-13
22840,Portishead,Dummy,1994,"Vinyl (LP, Album)",Go! Beat,828 522-1,Electronic,Trip Hop,2019-01-13
1320059,Portishead,Third,2008,"Vinyl (LP, Album)",Island Records,1764104,Electronic; Rock,Downtempo; Experimental; Psychedelic Rock; Trip Hop,2019-01-13
206693,Prince Charles And The City Beat Band,Gang War,1983,"Vinyl (LP, Album, Stereo)",Greyhound Record Productions,GRP LP 101,Electronic; Funk / Soul,Electro; Funk; Disco,2019-01-13
7100646,Principles Of Soul,Mr Comeback Man,1995,"Vinyl (12"")",Urban Groove,URG 001T,Hip Hop,RnB/Swing,2019-01-13
1078562,Professor Griff And The Last Asiatic Disciples,Pawns In The Game,1990,"Vinyl (LP, Album)",Luke SkyyWalker Records; Luke Skyywalker Records,XR-111; XR111,Hip Hop,Conscious,2019-01-13
1207086,Public Enemy,Brothers Gonna Work It Out,1990,"Vinyl (12"", 45 RPM, Mispress, Stereo)",Def Jam Recordings; CBS,656018 6; 656018 6,Hip Hop,Conscious,2019-01-13
4339090,Public Enemy,Fear Of A Black Planet,0,"Vinyl (LP, Album, Reissue, Unofficial Release)",Def Jam Recordings; CBS,466281 1; 466281 1,Hip Hop,Gangsta; Conscious,2019-01-13
119160,Public Enemy,Fight The Power,1989,"Vinyl (12"", Single, 45 RPM)",Motown; Motown,ZT42878; ZT 42878,Hip Hop; Stage & Screen,Conscious; Soundtrack,2019-01-13
805877,Public Enemy,It Takes A Nation Of Millions To Hold Us Back,1988,"Vinyl (LP, Album, Stereo)",Def Jam Recordings; CBS,462415 1; 462415 1,Hip Hop,Conscious,2019-01-13
81806,Public Enemy,Welcome To The Terrordome,1990,"Vinyl (12"", 45 RPM, Stereo)",Def Jam Recordings; CBS,655476 8; 655476 8,Hip Hop,Conscious,2019-01-13
179094,Public Enemy,Yo! Bum Rush The Show,1987,"Vinyl (LP, Album)",Def Jam Recordings; CBS,450482 1; 450482 1,Hip Hop,Conscious,2019-01-13
1162602,Queen Latifah,All Hail The Queen,1989,"Vinyl (LP, Album)",Gee Street; Tommy Boy,GEE A5; GEE A5,Hip Hop; Reggae,Hip-House; Pop Rap; Conscious; Ragga HipHop,2019-01-13
181425,"R-Type, Ant-Head Norris",Love Is Blind / Heaven,1994,"Vinyl (12"", 45 RPM)",Hyper Records,HPY 012,Electronic,Breakbeat; Jungle,2018-07-01
2938590,The Ramsey Lewis Trio,Reunion,1983,"Vinyl (LP, Album)",CBS,CBS 25804,Jazz,Soul-Jazz,2019-09-29
1160039,Randy Crawford,Now We May Begin,1980,"Vinyl (LP, Album)",Warner Bros. Records; Warner Bros. Records; Warner Bros. Records,K56791; K 56791; BSK 3421,Funk / Soul,Soul; Disco,2017-10-26
1813701,Randy Crawford,Secret Combination,1981,"Vinyl (LP, Album)",Warner Bros. Records; Warner Bros. Records,WB 56 904; K 56 904,Jazz; Funk / Soul,Soul; Disco,2017-10-26
1949004,Randy Crawford,The Greatest Hits,1984,"Vinyl (LP, Compilation)",K-Tel,NE 1281,Jazz; Funk / Soul; Pop,Contemporary R&B; Funk; Smooth Jazz; Soul,2017-10-21
2142090,Rappin' 4-Tay,Playaz Club,1995,"Vinyl (12"")",Cooltempo; Cooltempo,12COOL 310; 7243 8 82448 6,Hip Hop,,2019-09-29
773086,Raw Stylus,Believe In Me,1996,"Vinyl (12"")",Wired Recordings,RAWS 13,Electronic,House; Garage House,2019-09-29
171400,Raw Stylus,Believe In Me,1995,"Vinyl (12"")",Wired Recordings,WIRED 1220,Electronic; Jazz; Funk / Soul,Downtempo; Garage House; Acid Jazz,2019-09-29
3016465,Ray Charles,A Message From The People,1972,"Vinyl (LP, Album)",Probe; Probe,SPB 1060; SPB.1060,Jazz; Funk / Soul,Soul-Jazz,2017-10-21
3553830,Ray Charles,True To Life,1977,"Vinyl (LP, Album, Stereo)",London Records,SHU 8509,Jazz,Soul-Jazz,2017-10-21
3758259,Ray Eberle Orchestra,My Friend Glenn,1967,"Vinyl (LP, Stereo)",Allegro Records; Allegro Records,ALL 855; SALL 855,Jazz,Big Band; Swing,2019-01-13
126258,"The Real Roxanne, Howie Tee",Bang Zoom! Let's Go Go! ,1986,"Vinyl (12"", 45 RPM)",Cooltempo,COOLX 124,Hip Hop,Go-Go,2019-09-29
131045,Rebel MC,Rebel Music,1990,"Vinyl (LP, Album)",Desire Records; Desire Records,LUVLP 5; 843 294 1,Electronic; Hip Hop,Breakbeat; House,2019-09-29
49654,"Rebel MC, Double Trouble",Street Tuff,1989,"Vinyl (12"", 45 RPM, Single)",Desire Records,WANT X 18,Electronic; Hip Hop,Hip-House; House,2019-09-29
2139202,Redhead Kingpin And The FBI,"Superbad, Superslick",1989,"Vinyl (12"", 45 RPM)",Virgin; 10 Records,612 811; TENX286,Hip Hop,Pop Rap,2019-09-29
565768,Republica,Ready To Go,1996,"Vinyl (12"", 45 RPM, Single)",Deconstruction,74321 32613 1,Electronic; Rock,Pop Rock; Euro House,2019-09-29
4868724,Rex (14),A Far Cry,1989,"Vinyl (12"", 45 RPM)",Chrysalis,CHS 12 3399,Rock,,2019-09-29
571920,Ricci Rucker,The Utility Phonograph Record 3,2005,"Vinyl (12"", 33 ⅓ RPM, Stereo)",Sound In Color,SICBRK099,Electronic; Hip Hop,DJ Battle Tool,2019-09-29
58402,Rising High Collective,Feel The Fire / Wanna Move Ya (Mixes),1995,"Vinyl (10"", Limited Edition, 33 ⅓ RPM, Numbered)",Ascension Records,ASC UK16,Electronic,Downtempo; Trip Hop,2019-09-29
65716,Rising High Collective,Liquid Thoughts,1994,"Vinyl (12"", 33 ⅓ RPM)",Rising High Records,RSN 75,Electronic,House; Acid; Ambient,2019-09-29
618026,Riviera Splash,I Love Paris 1 (Left Bank Mixes),1994,"Vinyl (12"", 33 ⅓ RPM)",Stress Records,12 STR 47,Electronic,Progressive House; House,2019-09-29
5589063,Rob Base & DJ E-Z Rock,Get On The Dance Floor,1989,"Vinyl (12"", Promo)",Supreme Records (3),SUPET 139,Electronic; Hip Hop,Hip-House,2019-09-29
33769,Robotman,Do Da Doo (Remixes),1994,"Vinyl (12"", 33 ⅓ RPM)",NovaMute,L12NoMu35,Electronic,Techno,2019-09-29
1644663,Rod Stewart,Smiler,1974,"Vinyl (LP, Album, Stereo)",Mercury; Mercury,9104 001; 9104.001,Rock; Blues,Classic Rock; Folk Rock; Acoustic; Rock & Roll,2019-09-29
352555,Rodney P,I Don't Care (Time To Party),2004,"Vinyl (12"")",Riddim Killa Records,RKP07,Hip Hop,,2019-09-29
1444081,Roger Waters,Radio K.A.O.S.,1987,"Vinyl (LP, Album, Stereo)",EMI; EMI,24 0783 1; KAOS 1,Rock; Pop,Art Rock; Prog Rock,2019-01-13
5373616,The Rolling Stones,Get Yer Ya-Ya's Out! - The Rolling Stones In Concert,1970,"Vinyl (LP, Album)",Decca,SKL 5065,Rock,,2019-09-29
4315260,The Rolling Stones,Hot Rocks - The Greatest Hits 1964-1971,1990,"Vinyl (LP, Compilation, Remastered)",London Records; ABKCO,820 140-1; 820 140-1,Rock,Classic Rock,2019-09-29
8897365,The Rolling Stones,Love You Live,1977,"Vinyl (LP, Album)",Rolling Stones Records; Rolling Stones Records,COC 89101; COC 2-9001,Rock; Blues,Classic Rock; Rhythm & Blues,2019-09-29
5509920,The Rolling Stones,Their Satanic Majesties Request,1967,"Vinyl (LP, Album, Repress, Mono)",Decca,TXL 103,Rock,Psychedelic Rock,2019-09-29
481837,Roni Size,Brown Paper Bag,2005,"Vinyl (12"", 45 RPM, 33 ⅓ RPM)",Talkin' Loud Classics,9829599,Electronic,Drum n Bass,2019-09-29
87519,Roni Size / Reprazent,Heroes,1997,"Vinyl (12"", 33 ⅓ RPM)",Talkin' Loud,TLXX 25,Electronic,House; Future Jazz; Drum n Bass,2019-09-29
1265324,Rose Royce,Fresh Cut,1986,"Vinyl (LP, Album)",Omni Records,90557-1,Electronic; Funk / Soul,Funk; Disco,2019-09-29
469441,Rose Royce,Greatest Hits,1980,"Vinyl (LP, Compilation)",Whitfield Records,WHK 3457,Funk / Soul,Soul; Disco,2019-09-29
878251,Rose Royce,Rainbow Connection IV,1979,"Vinyl (LP, Album, Stereo)",Whitfield Records,K 56714,Funk / Soul,Disco,2019-09-29
1284735,Rotary Connection,"Hey, Love",1971,"Vinyl (LP, Album, Stereo)",Cadet Concept; Cadet Concept,CC 50006; C/C 50006,Jazz; Funk / Soul,Soul-Jazz; Soul; Psychedelic,2019-09-29
2307899,Roy Ayers,Lots Of Love,2010,"Vinyl (LP, Reissue)",Universal Sound; Uno Melodic Records,US LP35; UM-8002,Electronic; Jazz; Funk / Soul,Jazz-Funk; Rhythm & Blues,2017-10-21
596056,Roy Ayers,Stoned Soul Picnic,0,"Vinyl (LP, Album, Reissue)",Atlantic; Warner Jazz,8122 73588 1; 8122 73588 1,Jazz,Soul-Jazz,2017-10-21
664580,"Roy Ayers, Wayne Henderson",Step In To Our Life,1978,"Vinyl (LP, Album, Stereo)",Polydor; Polydor,PD-1-6179; 2391 380,Funk / Soul,Jazz-Funk; Disco,2017-10-21
2802007,Roy Ayers Ubiquity,Everybody Loves The Sunshine,1976,"Vinyl (LP, Album, Stereo)",Polydor; Polydor,PD-1-6070; 2391 227,Jazz; Funk / Soul,Jazz-Funk; Funk,2017-10-21
3472587,Roy Wood,Mustard,1975,"Vinyl (LP, Album, Stereo)",Polydor; Jet Records,2310 418; 2310 418,Rock; Pop,Pop Rock,2019-01-13
6047367,Royal Blood (6),Royal Blood,2014,"Vinyl (LP, Album)",Black Mammoth Records; Warner Bros. Records,540370-1; 543070-1,Rock,Blues Rock; Hard Rock,2019-09-29
93937,Rozalla,Baby,1995,"Vinyl (12"", 33 ⅓ RPM)",Epic,661195 6,Electronic,House,2019-09-29
315495,Ruff II Rugged,X-Tra Player E.P.,1994,"Vinyl (12"", 33 ⅓ RPM, EP)",Production House,BLG 069,Electronic,Jungle,2019-09-29
153592,Run-DMC,Christmas In Hollis,1987,"Vinyl (12"", 45 RPM, Stereo)",London Records; London Records,LONX 163; 886 227-1,Hip Hop,Electro,2019-09-29
1864023,Run-DMC,Raising Hell,1986,"Vinyl (LP, Album)",Profile Records,PRO-1217,Hip Hop,,2019-09-29
6226910,Run-DMC,Walk This Way,0,"Vinyl (12"", 33 ⅓ RPM, Single, Unofficial Release)",London Records (3); London Records (3),LONX 104; 886 076-1,Hip Hop,,2019-09-29
1856102,Rush,All The World's A Stage,1976,"Vinyl (LP, Album)",Mercury,6672 015,Rock,Hard Rock,2019-09-29
390432,Ruthless Rap Assassins,Mellow Mixes,1991,"Vinyl (12"", Single)",EMI,12EMX 206,Hip Hop,,2019-09-29
14025860,Sault,5,2019,"Vinyl (LP, Album)",Forever Living Originals,FLO0002,Rock; Funk / Soul,Alternative Rock; Afrobeat; Soul,2024-07-16
91729,"Sensory Elements, Dope Fiends, Robert Owens",Joint Venture E.P.,1995,"Vinyl (12"", 33 ⅓ RPM, EP)",7 (3),SEVE 05T,Electronic,House; Deep House,2018-08-27
772337,Sérgio Mendes,Timeless,2006,"Vinyl (LP, Promo)",Concord Records,C-PRO 849,Hip Hop; Latin,,2019-01-13
589849,Shaquille O'Neal,Shaq Diesel,1993,"Vinyl (LP, Album)",Jive,01241-41529-1,Hip Hop,Boom Bap,2019-01-13
228897,Shaquille O'Neal,Shoot Pass Slam,1993,"Vinyl (12"")",Jive,JIVE T 360,Hip Hop,Hip Hop,2019-01-13
487348,Shara Nelson,Down That Road,1993,"Vinyl (12"", 45 RPM)",Cooltempo,12cool275,Electronic,Progressive House; Garage House,2019-01-13
230722,Shara Nelson,One Goodbye In Ten,1993,"Vinyl (12"")",Cooltempo,12cool279,Electronic,House,2019-01-13
540429,Shara Nelson,Uptight,1994,"Vinyl (12"", 33 ⅓ RPM)",Cooltempo; Cooltempo,7243 8 81184 6 0; 12cool286,Electronic,House; Downtempo,2019-01-13
102855,Simon Harris,"Beats, Breaks & Scratches Volume 2",1988,Vinyl (LP),Music Of Life,MOMIX 2,Electronic; Hip Hop,Breaks; DJ Battle Tool,2017-10-21
231632,Simon Harris,Stretchbreaks Volume One,1991,Vinyl (LP),Music Of Life,STARMIX 2,Hip Hop,DJ Battle Tool,2017-10-21
3149928,Skip Bifferty,Skip Bifferty,2007,"Vinyl (LP, Album, Limited Edition, Reissue, Unofficial Release, Stereo)",Tapestry Records,TPT 238,Rock,Psychedelic Rock,2017-10-21
955109,Skyy,Let Love Shine,1982,"Vinyl (12"", 45 RPM, Single)",Epic; Streetwave,EPC A 13 2957; EPC A 13 2957,Funk / Soul,Funk; Disco,2019-01-13
13543613,Slick Rick,The Great Adventures Of Slick Rick,2019,"Vinyl (LP, Album, Reissue)",Def Jam Recordings,00602577260964,Hip Hop,,2024-07-16
4827956,Soundsci,Soundsational,2013,"Vinyl (LP, Album)",Ubiquity,URLP319,Hip Hop,,2024-07-16
968994,Special Ed,Lyrics,1995,"Vinyl (12"")",Profile Records,PROFT 446,Hip Hop,,2019-01-13
412057,Spyro Gyra,Morning Dance,1979,"Vinyl (12"", Single, Limited Edition)",Infinity Records (2),INFT 111,Electronic,Jazzdance,2017-12-30
5183831,Stanley Clarke,Modern Man,1978,"Vinyl (LP, Album, Stereo)",Epic; Epic; Nemperor Records,EPC 82674; S EPC 82674; JZ 35303,Jazz; Funk / Soul,Fusion; Jazz-Funk,2017-10-26
393168,Stanley Clarke,Stanley Clarke,0,"Vinyl (LP, Album)",Nemperor Records,K 50101,Jazz,Jazz-Rock; Jazz-Funk,2017-10-26
1737730,"Steve Marriott, The Moments (5)",Steve Marriott's Moments EP,2008,"Vinyl (7"", EP, 45 RPM, Mono)",Acid Jazz,AJX210S,Rock; Funk / Soul,Rhythm & Blues; Mod,2018-08-27
1841250,Steve Miller,The Best Of Steve Miller 1968-1973,1977,"Vinyl (LP, Compilation)",Capitol Records; Capitol Records,E-ST 24058; 0C 062-85 067,Rock,Blues Rock; Classic Rock,2019-01-13
797718,Stevo & Mr. Twist,Crocadile Bites I,0,"Vinyl (12"")",Crocadile Bites,croc  001,Electronic,Breaks; Electro,2017-10-21
1970019,The Stills-Young Band,Long May You Run,1976,"Vinyl (LP, Album, Stereo)",Reprise Records; Reprise Records; Reprise Records,K 54081; K54081; MS 2253,Rock,Folk Rock; Country Rock,2017-10-21
401286,"Stories In Dubh, Jacquee Bennett",Melody & Harmony - Chapter 3,1993,"Vinyl (12"", 33 ⅓ RPM)",Fruittree Records,FTREE 8,Electronic,House; Garage House,2017-12-27
354653,Sue Chaloner,I Wanna Thank You,1991,"Vinyl (12"", 45 RPM)",Pulse-8 Records,12 LOSEX 14,Electronic,House,2017-10-21
10364321,The Supremes,Anthology,1974,"Vinyl (LP, Compilation)",Motown,M9-794A3,Funk / Soul,Rhythm & Blues,2019-09-29
793710,The Supremes,Baby Love,1973,"Vinyl (LP, Compilation)",Music For Pleasure; Sounds Superb; Tamla Motown,SPR 90001; SPR 90001; SPR 90001,Funk / Soul,Soul,2019-09-29
9356500,The Supremes,Greatest Hits,0,"Vinyl (LP, Compilation, Repress, Stereo)",Tamla Motown,STML 11063,Funk / Soul,Rhythm & Blues; Soul,2019-09-29
1513609,The Supremes,Stop! In The Name Of Love,1976,"Vinyl (LP, Compilation, Stereo)",Music For Pleasure,MFP 50291,Funk / Soul; Pop,Soul,2019-09-29
1334194,Syd Barrett,Syd Barrett,0,"Vinyl (LP, Compilation, Reissue)",Harvest; Harvest,SHDW 404; 0C 192-50 350/1,Rock,Psychedelic Rock,2019-01-13
80785,Taho,Vertige EP,1995,"Vinyl (12"", EP)",F Communications; F Communications,F 019; 137 0019 30,Electronic,Techno; Trance,2017-11-02
108790,Tanzmuzik,Love Light,1995,"Vinyl (12"", 33 ⅓ RPM)",Rising High Records,RSN 105,Electronic,Trance; Techno; Downtempo,2019-09-29
96185,Tenth Chapter,Prologue (The Atlas Remixes),1994,"Vinyl (12"", 33 ⅓ RPM)",Guerilla; Guerilla,GRRR 66Z; GRRR 66 Z,Electronic,Progressive House,2017-12-30
7120703,Terry Callier,What Color Is Love,2015,"Vinyl (LP, Album, Reissue, Remastered, Stereo)",Music On Vinyl; Verve Records; Cadet,MOVLP1465; MOVLP1465; MOVLP1465,Jazz; Funk / Soul,Soul,2017-10-21
2183502,"Terry, Blair & Anouchka",Missing,1989,"Vinyl (12"", 45 RPM, Single)",Chrysalis,CHS 12 3381,Rock; Pop,Indie Rock; Pop Rock,2018-01-01
4067174,Thelonious Monk,Evidence,1987,"Vinyl (LP, Album)",France's Concert,FC 105,Jazz,Bop,2019-01-13
9888163,Thundercat,Drunk,2017,"Vinyl (10"", 45 RPM); Box Set (Album)",Brainfeeder,BF064,Electronic; Hip Hop; Jazz; Funk / Soul,Jazz-Funk; Neo Soul; Fusion; Contemporary R&B; Experimental,2024-07-16
7750876,Thundercat,The Beyond / Where The Giants Roam,2015,"Vinyl (12"", 33 ⅓ RPM, Mini-Album)",Brainfeeder,BF055,Hip Hop; Jazz; Funk / Soul,,2024-07-16
3079712,Thundercat,The Golden Age Of Apocalypse,2011,"Vinyl (LP, Album)",Brainfeeder,BF023,Electronic; Jazz; Funk / Soul,Neo Soul; Soul-Jazz; Fusion,2024-07-16
13981262,Tom Caruana,Inner Space,2019,"Vinyl (LP, Limited Edition)",Tea Sea Records,TC46-C,Hip Hop,,2024-07-16
11844288,Tony Bagwell,Romantic Moog,1974,"Vinyl (LP, Album, Stereo)",Contour; Contour,2870 370; 2870-370,Electronic; Pop,Space-Age; Easy Listening; Instrumental; Novelty; Parody,2019-09-29
2010564,Tony Biggin,The Gates Of Greenham,1986,Vinyl (LP),Sain,SAIN 1352R,Classical,Modern,2017-12-27
1253340,The Torero Band,Lennon & McCartney Tijuana Style,1969,"Vinyl (LP, Stereo)",Music For Pleasure,MFP 1318,Latin,,2019-01-13
1414271,The Tribes,Bangla Desh,1972,"Vinyl (LP, Album, Stereo)",Pickwick/33 Records,SPC-3300,"Rock; Folk, World, & Country",Country Rock; Pop Rock,2018-01-01
7975290,The Turntablist,Super Duck Breaks ...The Saga Begins,1996,Vinyl (LP),Stones Throw Records,STH 2004,Electronic; Hip Hop,Breakbeat; DJ Battle Tool,2024-07-16
146316,The Turntablist,Super Duper Duck Breaks,2000,Vinyl (LP),Stones Throw Records,STH 2036,Electronic; Hip Hop; Non-Music,Breaks; DJ Battle Tool; Cut-up/DJ; Special Effects,2024-07-16
1157295,Ty,Look 4 Me,2004,"Vinyl (12"")",Big Dada Recordings,BD074,Hip Hop,,2024-07-16
1089356,UNKLE,The Time Has Come E.P.,1996,"Vinyl (12"", EP, Repress)",Mo Wax; Mo Wax; Mo Wax,MW028; 540 547-2; 540 547-1,Electronic; Hip Hop,Trip Hop; Downtempo,2024-07-16
198917,Various,Blue Break Beats Volume Four,1998,"Vinyl (LP, Compilation)",Blue Note,7243 4 94027 1 3,Electronic; Jazz,Acid Jazz; Downtempo; Jazzdance,2017-10-21
868265,Various,Bombshell Baby Of Bombay,2006,"Vinyl (LP, Compilation, Remastered)",Bombay Connection,BC 002-LP,"Jazz; Rock; Folk, World, & Country; Stage & Screen",Surf; Rock & Roll; Bollywood; Lounge; Soundtrack,2017-10-21
125777,Various,Breakin' - Original Motion Picture Soundtrack,1984,"Vinyl (LP, Compilation)",Polydor,422-821 919-1 Y-1,Electronic; Hip Hop; Funk / Soul; Stage & Screen,Soundtrack; Breaks; Electro,2017-10-21
93637,Various,"Breaks, Bass & Bleeps",1990,"Vinyl (LP, Compilation)",Rumour Records,RAID 502,Electronic,Breakbeat; Techno; Bleep,2017-10-21
442004,Various,Can U Feel It? - The Champion Legend,1990,"Vinyl (LP, Compilation, Mixed)",K-Tel,ONE 1452,Electronic; Hip Hop; Funk / Soul,Garage House; Hip-House; House,2018-02-03
1151670,Various,Children's Classics,1979,"Vinyl (LP, Stereo)",Tempo (9),TMP 9013,Classical; Children's,Romantic; Classical,2017-10-26
1043332,Various,Chrome Children Instrumentals,2007,"Vinyl (LP, Compilation)",Stones Throw Records,STH 2152,Electronic; Hip Hop; Funk / Soul,Instrumental; Electro; Downtempo; Hip Hop,2017-10-21
176616,Various,Colors (Original Motion Picture Soundtrack),1988,"Vinyl (LP, Album, Compilation)",Warner Bros. Records; Warner Bros. Records,1-25713; 9 25713-1,Hip Hop; Funk / Soul; Stage & Screen,Soundtrack; Contemporary R&B; Funk; Hardcore Hip-Hop,2017-10-26
174802,Various,Decoded And Danced Up Rhythms Of De-construction,1990,"Vinyl (LP, Compilation)",Deconstruction,PL 74855,Electronic,House,2017-10-29
936576,Various,Deep Concentration,1997,"Vinyl (LP, Compilation)",OM Records,OM 006 LP,Hip Hop,Cut-up/DJ; Trip Hop,2017-10-29
178457,Various,Dubnology - Journeys Into Outer Bass,1995,"Vinyl (LP, Compilation)",Middle Earth Recordings,MIDDLE 4 LP,Electronic,Dub; Trip Hop; Breakbeat; Goa Trance,2017-10-29
120368,Various,"Elixir Vitae E.P. - Prelude-2-Dance (12"" Edition)",1993,"Vinyl (12"", 33 ⅓ RPM, EP)",Network Records,NWKT70,Electronic,House,2019-09-29
306492,Various,Gee Street (The Album),1989,"Vinyl (LP, Compilation)",Gee Street,GEE A4,Electronic; Hip Hop,Freestyle; Ragga HipHop,2017-12-27
1281970,Various,George Clinton Family Series Pt. 2,1993,"Vinyl (LP, Compilation)",Essential! Records,ESDLP 189,Funk / Soul,P.Funk; Funk,2017-12-27
1634034,Various,Hard To Beat - Go-Go Volume One,1989,"Vinyl (LP, Compilation)",Style Records,STYRL 002,Hip Hop; Funk / Soul,Go-Go; Funk,2018-01-01
1850384,Various,Liquorice Allsorts,1973,"Vinyl (LP, Compilation)",Track Record,2409 208,Funk / Soul,Soul,2017-10-21
71325,Various,Major Force - The Original Art-Form,1997,"Vinyl (LP, Compilation); Box Set",Mo Wax,MW082LP,Electronic; Hip Hop,House; Cut-up/DJ; Trip Hop; Hip Hop; Breaks,2019-01-13
933215,Various,March 89 Previews,1989,"Vinyl (LP, Compilation)",DMC,DMC 74/3,Electronic; Funk / Soul,House; Rhythm & Blues; Downtempo; Synth-pop; Hip Hop,2017-10-21
3499742,Various,Memphis Gold,1969,"Vinyl (LP, Compilation, Reissue)",ATCO Records,228 023,Funk / Soul,Soul,2019-01-13
845870,Various,Moonlighting,1988,"Vinyl (LP, Compilation)",WEA; WEA,241 438-1; WX 202,Funk / Soul,Soul,2019-01-13
401626,Various,Natural Selections,1994,"Vinyl (LP, Compilation)",Delicious Vinyl,7567-92373-1,Hip Hop,,2019-01-13
34377,Various,Order To Dance,1991,"Vinyl (12"", 45 RPM, Compilation)",R & S Records,RS LP1,Electronic,House; Techno; Acid,2019-09-29
93636,Various,Paroxysm Vol. 1,1991,"Vinyl (LP, Compilation)",Mute; Black Market Records (4),MKTLP1; MKTLP1,Electronic,Breakbeat; Techno,2019-01-13
3535339,Various,Rare (A Rare Collection Of Grooves),1987,"Vinyl (LP, Compilation)",RCA,NL 90070,Electronic; Funk / Soul,Disco; Electro; Funk; Soul,2024-07-16
8327030,Various,Some Music Is Private Music,1989,"Vinyl (LP, Compilation)",Private Music; BMG Ariola España; Private Music,209646; 209646; 209 646,"Electronic; Jazz; Folk, World, & Country",New Age; Abstract; Experimental; Ambient,2019-01-13
57770,Various,Street Sounds Crucial Electro 3,1987,"Vinyl (LP, Compilation, Mixed)",Street Sounds,ELCST 1002,Hip Hop,Electro,2017-11-02
25796,Various,Street Sounds Electro 5,1984,"Vinyl (LP, Compilation, Mixed)",Street Sounds,ELCST 5,Electronic; Hip Hop,Electro,2017-11-02
14662,Various,Street Sounds Hip Hop Electro 11,1986,"Vinyl (LP, Compilation, Mixed)",Street Sounds,ELCST 11,Electronic; Hip Hop,Electro,2017-11-02
186837,Various,"Sugarhill - The 12"" Remixes",1990,"Vinyl (LP, Compilation)",Essential! Records; Sugar Hill Records,ESSLP 027; ESSLP 027,Electronic; Hip Hop,Breaks; Electro,2017-12-30
172887,Various,The Acid Mixes Vol. 1,1988,CD (Compilation),Premiere UK,ERECD 001,Electronic,Acid House; Techno; House,2017-10-21
370827,Various,The B-Boy / Boogie-Down Sampler 2,1988,"Vinyl (LP, Sampler)",Westside Records (2),BBOY 4,Hip Hop,,2017-10-21
247611,Various,The B-Boy Sampler,1988,"Vinyl (LP, Sampler)",Westside Records (2),BBOY 1,Hip Hop,,2017-10-21
551103,Various,The Harder They Come (Original Soundtrack Recording),1972,"Vinyl (LP, Album, Compilation)",Island Records,ILPS-9202,Reggae; Stage & Screen,Reggae; Rocksteady; Soundtrack,2017-10-28
2591089,Various,The Masters Series Funk,2010,"Vinyl (LP, Compilation)",Music On Vinyl,MOVLP159,Funk / Soul,Funk,2017-12-27
1255975,Various,The Motown 20th Anniversary Album,0,"Vinyl (LP, Compilation, Reissue)",Motown,ZL72132(2),Funk / Soul,Soul,2019-01-13
628086,Various,United House Nations,1989,"Vinyl (12"", Promo)",Circa,YRTPR 27,Electronic,House,2019-01-13
1531724,Vesta Williams,Do Ya (Frankie Knuckles Classic Mixes),1991,CD (Single),A&M PM; A&M PM,AMCD 840; 390 840-2,Electronic,House,2017-12-27
357779,W.W.W.,Clocking / Logan,1996,"Vinyl (12"")",Grand Larceny,GL 011,Electronic,Drum n Bass; Jungle,2017-12-30
2889077,Wat Tyler,The Fat Of The Band,1999,"Vinyl (LP, Album)",Rugger Bugger Discs; Rugger Bugger Discs; Rugger Bugger Discs; Smoeff,SEEP025; SEEP025LP; SEEP25; 32ND MOVE,Rock,Indie Rock; Punk,2019-01-13
2913630,The Who,The Ox - Backtrack 14,1970,"Vinyl (LP, Compilation, Stereo, Mono)",Track Record,2407 014,Rock,Beat; Mod,2018-01-01
778278,Wings (2),Band On The Run,1973,"Vinyl (LP, Album, Stereo)",Apple Records; Apple Records,PAS 10007; 0C 064 ○ 05503,Rock,Pop Rock,2019-01-13
2784555,Winston Churchill,I Can Hear It Now,0,Vinyl (LP),Philips,SPL.100,Non-Music,Speech,2017-10-26
9359802,Winston Churchill,This Was Their Finest Hour,1940,"Shellac (12"", 78 RPM, Single Sided)",His Master's Voice,JOX.34-36,Non-Music,Public Broadcast; Speech,2017-10-26
25744036,Wu-Tang Clan,Enter The Wu-Tang (36 Chambers),2018,"Vinyl (LP, Album, Reissue)",RCA,88875169851,Hip Hop,Boom Bap; Hardcore Hip-Hop,2024-07-16
12340797,Yusef Lateef,10 Years Hence,1975,"Vinyl (LP, Album, Stereo)",Atlantic,SD 2-1001,Jazz,Hard Bop; Jazz-Funk; Latin Jazz,2018-10-06
9533327,Ziggy Marley And The Melody Makers,Conscious Party,1988,"Vinyl (LP, Album)",Rita Marley Music; Virgin,none; 7 90878-1,Reggae,,2019-01-13
1902014,Ziggy Marley And The Melody Makers,One Bright Day,1989,"Vinyl (LP, Album, Stereo)",Virgin,7 91256-1,Reggae,Reggae-Pop,2019-01-13
