Catalog#,Artist,Title,Label,Format,Rating,Released,release_id,CollectionFolder,Date Added,Collection Media Condition,Collection Sleeve Condition,Collection Notes
DIX 99,Inner City,Fire,10 Records,"LP, Album",,1990,4222264,Uncategorized,2018-07-01 22:10:27,,,
TEN X 137,Mantronix,Who Is It?,10 Records,"2x12"", Single, S/Edition, Gat",,1986,123608,Uncategorized,2019-01-13 15:24:06,,,
TENR 312,Loose Ends,Don't Be A Fool (Remix),10 Records,"12""",,1990,799098,Uncategorized,2019-01-13 15:05:23,,,
"TENX 406, 615 357",Loose Ends,Hangin' On A String (Frankie Knuckles Remix),"10 Records, 10 Records","12"", Single",,1992,80189,Uncategorized,2019-01-13 15:04:46,,,
"XID 81, 210 502",Inner City,Paradise Remixed,"10 Records, 10 Records","LP, Comp",,1990,63906,Uncategorized,2018-07-01 22:12:02,,,
"12 BRW 332, 854 603-1",Alex Reece,Feel The Sunshine (Remixes),"4th & Broadway, 4th & Broadway","12""",,1996,15927,Uncategorized,2019-09-29 18:13:06,,,
"12 BRX 311, 854 221-1",Drizabone,Real Love,"4th & Broadway, 4th & Broadway","12""",,1995,40393,Uncategorized,2019-01-13 15:41:13,,,
"12 BRW 313, 854 251-1",Bomb The Bass Featuring Carlton,One To One Religion,"4th & Broadway, 4th & Broadway, Stoned Heights, Stoned Heights","12"", Single",,1995,115764,Uncategorized,2017-10-21 15:20:23,,,
"BRLP 551, 846 562-1",Ice Cube,AmeriKKKa's Most Wanted,"4th & Broadway, Priority Records, Island Records","LP, Album",,1990,489522,Uncategorized,2018-07-01 21:52:30,,,
662394 6,Patra,Pull Up To The Bumper,550 Music,"12""",,1995,744698,Uncategorized,2019-01-13 17:47:58,,,
679L143T,Plan B (4),Remixes,679,"12""",,2006,902001,Uncategorized,2019-01-13 20:12:07,,,
"679L134, 51011-4979-1",Plan B (4),Who Needs Actions When You Got Words,"679, 679","2xLP, RE",,2015,7500037,Uncategorized,2019-01-13 20:10:19,,,
SEVE 05T,Sensory Elements / Dope Fiends / Robert Owens,Joint Venture E.P.,7 (3),"12"", EP",,1995,91729,Uncategorized,2018-08-27 17:15:39,,,
ASS-001,Cut Chemist,The Litmus Test EP,A Stable Sound,"12"", EP, Mixed, RP",,2010,2527122,Uncategorized,2017-10-21 18:35:30,,,
"AMCD 840, 390 840-2",Vesta Williams,Do Ya (Frankie Knuckles Classic Mixes),"A&M PM, A&M PM","CD, Single",,1991,1531724,Uncategorized,2017-12-27 12:06:35,,,
"580 263-1, 580263-1",Dina Carroll,Express,"A&M PM, A&M PM, A&M Records, 1st Avenue Records","12""",,1993,439872,Uncategorized,2017-10-29 16:01:30,,,
"AMY 0101, 580 101-1",Dina Carroll,So Close,"A&M PM, A&M Records, 1st Avenue Records","12""",,1992,56719,Uncategorized,2017-10-29 16:01:07,,,
540 201-1,Ce Ce Peniston,Thought 'Ya Knew,A&M Records,"2xLP, Album",,1994,893239,Uncategorized,2019-01-13 19:38:43,,,
AMLH 63507,Billy Preston,I Wrote A Simple Song,A&M Records,"LP, Album",,1971,1688821,Uncategorized,2019-01-13 20:23:18,,,
AMLH 63601,Carpenters,The Singles 1969-1973,A&M Records,"LP, Album, Comp, Gat",,1973,396260,Uncategorized,2017-10-21 18:10:43,,,
AMLK 63730,The Police,Ghost In The Machine,A&M Records,"LP, Album",,1981,1606397,Uncategorized,2019-01-13 20:14:46,,,
AMLK 64581,Carpenters,A Kind Of Hush,A&M Records,"LP, Album, Rob",,1976,1919516,Uncategorized,2017-10-21 18:11:43,,,
AMY 353,Billy Crystal,You Look Marvelous,A&M Records,"12"", Single",,1986,525886,Uncategorized,2017-10-28 12:00:47,,,
EVERY 1,The Police,Every Breath You Take (The Singles),A&M Records,"LP, Comp, MT ",,1986,11089464,Uncategorized,2019-01-13 20:13:44,,,
SP 4704,Peter Frampton,I'm In You,A&M Records,"LP, Album",,1977,3818080,Uncategorized,2017-12-27 12:04:02,,,
"AMLH.64554, SP-4554",Elkie Brooks,Rich Man's Woman,"A&M Records, A&M Records","LP, Album",,1975,3278976,Uncategorized,2017-10-21 15:31:07,,,
"B000071411, B0000714-11",Black Eyed Peas,Where Is The Love?,"A&M Records, A&M Records","12""",,2003,513824,Uncategorized,2017-10-21 15:08:34,,,
AMLS 2025,Carole King,Tapestry,"A&M Records, Ode Records (2)","LP, Album",,1971,461166,Uncategorized,2018-10-06 17:49:26,,,
AMLS 2025,Carole King,Tapestry,"A&M Records, Ode Records (2)","LP, Album",,1971,461166,Uncategorized,2018-10-06 17:49:48,,,
"AB 969, AB-969",Harold Melvin And The Blue Notes,Reaching For The World,"ABC Records, ABC Records","LP, Album",,1976,3652827,Uncategorized,2019-01-13 15:57:41,,,
ACL 1212,"The English Strings, Frank Chacksfield & His Orchestra",Gypsy Violins,Ace Of Clubs,"LP, Album, Mono",,1966,3416732,Uncategorized,2018-01-01 12:29:10,,,
AJX210S,Steve Marriott / The Moments (5),Steve Marriott's Moments EP,Acid Jazz,"7"", EP, Mono",,2008,1737730,Uncategorized,2018-08-27 17:30:20,,,
"ALL 855, SALL 855",Ray Eberle Orchestra,My Friend Glenn,"Allegro Records, Allegro Records",LP,,1967,3758259,Uncategorized,2019-01-13 16:08:01,,,
ORAOC .08,Keiichi Suzuki,Satellite Serenade Pt. 1,AO Records,"12""",,1994,147575,Uncategorized,2019-01-13 17:19:32,,,
AOI001VLK,De La Soul,And The Anonymous Nobody,AOI Records,"2xLP, Album, Ltd, Cle",,2016,8969133,Uncategorized,2017-10-29 15:56:39,,,
AMBLP3922,Aphex Twin,Selected Ambient Works 85-92,Apollo,"2xLP, Album, RE, RM",,2013,4887177,Uncategorized,2017-10-21 13:32:46,,,
AR 34001,The Beatles,Let It Be,Apple Records,"LP, Album, Win",,1970,377554,Uncategorized,2017-10-21 14:48:15,,,
PAS 10004,John Lennon,Imagine,Apple Records,"LP, Album",,1971,3479875,Uncategorized,2019-01-13 14:43:43,,,
PCS 7088,The Beatles,Abbey Road,Apple Records,"LP, Album",,1969,2498807,Uncategorized,2017-10-21 14:50:38,,,
PCSP 716,John Lennon & Yoko Ono / The Plastic Ono Band With Elephants Memory And Invisible Strings,Some Time In New York City,Apple Records,"2xLP, Album, Gat",,1972,741968,Uncategorized,2019-01-13 14:42:41,,,
PMC 7067-8,The Beatles,The Beatles,Apple Records,"2xLP, Album, Mono, RE",,1981,4546697,Uncategorized,2017-10-21 14:51:08,,,
PMC 7067/8,The Beatles,The Beatles,Apple Records,"2xLP, Album, Mono, M/Print, Num, Fir",,1968,456663,Uncategorized,2017-10-21 14:46:20,,,
"7243 8 31796 1 9, PCSP 726",The Beatles,Live At The BBC,"Apple Records, Apple Records","2xLP, Mono, M/Print, RM, See",,1994,1461424,Uncategorized,2017-10-21 14:56:28,,,
"PAS 10003, 1E 064 ○ 04810",Paul & Linda McCartney,Ram,"Apple Records, Apple Records","LP, Album, Ful",,1971,404855,Uncategorized,2019-01-13 15:46:15,,,
"PAS 10007, 0C 064 ○ 05503",Wings (2),Band On The Run,"Apple Records, Apple Records","LP, Album",,1973,778278,Uncategorized,2019-01-13 15:46:45,,,
"PCS 7165, OC 062 ০ 05491",John Lennon,Mind Games,"Apple Records, Apple Records","LP, Album, RE",,0,5980304,Uncategorized,2019-01-13 14:42:11,,,
"PCS 7169, 0C 062 05834",John Lennon,Rock 'N' Roll,"Apple Records, Apple Records","LP, Album",,1975,722226,Uncategorized,2019-01-13 14:39:20,,,
"PAS-10006, 0602557090420, 5709042",George Harrison,Living In The Material World,"Apple Records, Apple Records, Apple Records","LP, Album, RE, RM, 180",,2017,9903515,Uncategorized,2018-01-01 13:06:32,,,
"PCS 7102, 1E 062 ○ 04394, PCS7102",Paul McCartney,McCartney,"Apple Records, Apple Records, Apple Records","LP, Album, Gat",,1970,1275176,Uncategorized,2019-01-13 15:45:24,,,
"PCS 7102, 1E 062 ○ 04394, PCS7102",Paul McCartney,McCartney,"Apple Records, Apple Records, Apple Records","LP, Album, Gat",,1970,4279784,Uncategorized,2019-01-13 15:47:29,,,
"PCS 7173, 0C 0620 ○ 05987, PCS 7173 ✱","John Lennon, The Plastic Ono Band",Shaved Fish,"Apple Records, Apple Records, Apple Records","LP, Album, Comp, '-1",,1975,4383259,Uncategorized,2019-01-13 14:45:01,,,
"PCTC (W) 253, PCTC 253, OC 066 ᵒ 05733",John Lennon,Walls And Bridges,"Apple Records, Apple Records, Apple Records","LP, Album",,1974,7374326,Uncategorized,2019-01-13 14:40:50,,,
"ADEP 12, ADE P 12",Elvis Presley,Elvis' 40 Greatest,"Arcade, Arcade","2xLP, Comp, Gat",,1974,1159800,Uncategorized,2017-11-02 19:39:12,,,
FrostT 011,Feelgood Factor,Jump Up In The Air,Arctic (6),"12""",,1994,949171,Uncategorized,2017-11-02 20:04:50,,,
AB 4146,The Headhunters,Straight From The Gate,Arista,"LP, Album, Pit",,1977,329113,Uncategorized,2018-01-01 13:12:25,,,
AL 4038,The Headhunters,Survival Of The Fittest,Arista,"LP, Album, PRC",,1975,162028,Uncategorized,2018-01-01 13:11:46,,,
AL 4061,The Brecker Brothers,Back To Back,Arista,"LP, Album",,1976,1464641,Uncategorized,2017-10-21 15:30:10,,,
ASC UK16,Rising High Collective,Feel The Fire / Wanna Move Ya (Mixes),Ascension Records,"2x10"", Ltd, Num",,1995,58402,Uncategorized,2019-09-29 18:19:59,,,
ASP 0985,Mix Master Mike,Anti-Theft Device,Asphodel,"2xLP, Album",,1998,56537,Uncategorized,2024-07-16 14:56:11,,,
AS 63 001,Joni Mitchell And The L.A. Express,Miles Of Aisles,Asylum Records,"2xLP, Album, RE",,0,5103747,Uncategorized,2019-01-13 16:14:20,,,
BB-701,Joni Mitchell,Don Juan's Reckless Daughter,Asylum Records,"2xLP, Album",,1977,2696528,Uncategorized,2019-01-13 16:15:21,,,
SYLA 8763,Joni Mitchell,The Hissing Of Summer Lawns,Asylum Records,"LP, Album, Gat",,1976,517046,Uncategorized,2019-01-13 16:13:25,,,
SYLA 8763,Joni Mitchell,The Hissing Of Summer Lawns,Asylum Records,"LP, Album, Gat",,1976,517046,Uncategorized,2019-01-13 16:13:36,,,
"K53053, K.53053",Joni Mitchell,Hejira,"Asylum Records, Asylum Records","LP, Album, Gat",,1976,773476,Uncategorized,2019-01-13 16:16:35,,,
"SYLA 8753, 1E 064 ○ 93984",Joni Mitchell,For The Roses,"Asylum Records, Asylum Records","LP, Album, Gat",,1972,1456218,Uncategorized,2019-01-13 16:12:48,,,
"SYLA 8756, OC 064 ◦ 95090",Joni Mitchell,Court And Spark,"Asylum Records, Asylum Records","LP, Album",,1974,773473,Uncategorized,2019-01-13 16:12:14,,,
228 023,Various,Memphis Gold,ATCO Records,"LP, Comp, RE",,1969,3499742,Uncategorized,2019-01-13 15:58:18,,,
SD 7018,Dr. John,In The Right Place,ATCO Records,"LP, Album, TP",,1973,5278570,Uncategorized,2017-10-29 16:12:56,,,
0-86234,En Vogue,Hold On,Atlantic,"12""",,1990,190468,Uncategorized,2017-11-02 19:48:09,,,
7567 94021,Lil' Kim,Lighters Up,Atlantic,"12""",,2005,1839146,Uncategorized,2019-01-13 14:54:46,,,
780 169-1,Aretha Franklin,The Best Of Aretha Franklin,Atlantic,"LP, Comp",,1984,965956,Uncategorized,2017-12-27 12:07:10,,,
K 40327,Isaac Hayes,In The Beginning,Atlantic,"LP, RE",,1972,458273,Uncategorized,2018-01-01 13:10:44,,,
K 50001,"Crosby, Stills, Nash & Young",Déjà Vu,Atlantic,"LP, Album, RE, Gat",,0,2565021,Uncategorized,2017-10-28 11:59:32,,,
K50253,Billy Cobham,Life & Times,Atlantic,"LP, Album",,1976,1967845,Uncategorized,2017-10-28 11:55:25,,,
R1-535340,Led Zeppelin,Untitled,Atlantic,"LP, Album, RE, RM, 180",,2014,6265576,Uncategorized,2018-10-06 18:03:24,,,
SD 1568,Carmen McRae,Just A Little Lovin',Atlantic,"LP, Album, RE",,0,1248618,Uncategorized,2019-01-13 15:53:36,,,
SD 2-1001,Yusef Lateef,10 Years Hence,Atlantic,"2xLP, Album, PR ",,1975,12340797,Uncategorized,2018-10-06 18:00:53,,,
SD 2-1002,Average White Band,Person To Person,Atlantic,"2xLP, Album, Gat",,1976,708377,Uncategorized,2017-10-21 13:54:34,,,
SD 2-902,"Crosby, Stills, Nash & Young",4 Way Street,Atlantic,"2xLP, Album, M/Print, MO ",,1971,2986985,Uncategorized,2017-10-21 18:32:57,,,
SD 7213,Aretha Franklin,"Young, Gifted And Black",Atlantic,"LP, Album, PR ",,1972,517807,Uncategorized,2017-12-27 12:08:00,,,
"2401-002, SD 7201",Led Zeppelin,Led Zeppelin III,"Atlantic, Atlantic","LP, Album, Jim",,1970,12210630,Uncategorized,2018-10-06 18:04:43,,,
"588189, K40033","Crosby, Stills & Nash","Crosby, Stills & Nash","Atlantic, Atlantic","LP, Album, Gat",,1971,1992751,Uncategorized,2017-10-21 18:31:46,,,
"588189, K40033","Crosby, Stills & Nash","Crosby, Stills & Nash","Atlantic, Atlantic","LP, Album, Gat",,1971,1992751,Uncategorized,2017-10-21 18:31:58,,,
"AT 0007T, AT 0007(T)","Lil' Kim Featuring Da Brat, Lisa ""Left Eye"" Lopes, Missy Elliott And Angie Martinez",Not Tonight,"Atlantic, Atlantic","12"", Single",,1997,576069,Uncategorized,2019-01-13 14:54:22,,,
"ATL 20 126, ATL 20126",Chic,Le Freak,"Atlantic, Atlantic","12"", Maxi, Ltd, Ora",,1978,100005,Uncategorized,2017-10-21 18:20:17,,,
"K 50058, K50058 ",Average White Band,AWB,"Atlantic, Atlantic","LP, Album",,1974,549068,Uncategorized,2017-10-21 13:56:02,,,
8122 73588 1,Roy Ayers,Stoned Soul Picnic,"Atlantic, Warner Jazz","LP, Album, RE",,0,596056,Uncategorized,2017-10-21 13:58:38,,,
ABDJ 1,Asia Blue,Connect,"Atomic Records (9), A&M Records","2x12"", Promo",,1992,1360182,Uncategorized,2017-10-21 13:44:49,,,
AVEX T9,Joi Cardwell,Jump For Joi,Avex UK,"12""",,1995,65323,Uncategorized,2017-10-21 18:08:05,,,
AZ001,Fallout,The Morning After,Azuli Records,"12"", W/Lbl",,1990,1275996,Uncategorized,2017-11-02 19:59:47,,,
PT11,Peace Division,Cool Edge EP,Basement 282,"12"", EP",,1995,130515,Uncategorized,2017-10-21 14:13:57,,,
BB014,DJ Oji,The Paradox EP,Basement Boys Records,"12"", EP",,1997,60854,Uncategorized,2019-01-13 17:10:51,,,
"REB 21 M, REB 21M",Gerard Hoffnung,The Importance Of Being Hoffnung,"BBC Radio Enterprises, BBC Radio Enterprises","LP, Mono",,1968,4497719,Uncategorized,2018-02-03 16:45:43,,,
REB 421,Not The Nine O'Clock News,Hedgehog Sandwich,BBC Records,"LP, Album, Mono",,1981,604177,Uncategorized,2019-01-13 16:47:21,,,
RR0032EP,Pete Rock Featuring Dead Prez,Warzone,"BBE, Rapster Records","12"", EP, Promo",,2004,2175136,Uncategorized,2019-01-13 19:40:50,,,
BD074,Ty,Look 4 Me,Big Dada Recordings,"12""",,2004,1157295,Uncategorized,2024-07-16 15:15:41,,,
BLR 14R,De La Soul,4 New Remixes,Big Life,"12""",,1989,3886077,Uncategorized,2017-10-29 15:55:25,,,
BLRR 73,Blue Pearl,Mother Dawn Remixes,Big Life,"12""",,1992,95812,Uncategorized,2019-01-13 17:18:26,,,
NBN PROMO 3,Naughty By Nature,O.P.P.,Big Life,"12"", Promo",,1992,2126930,Uncategorized,2019-01-13 16:58:06,,,
"BLR LP14, 511811-1",The Orb,Aubrey Mixes: The Ultraworld Excursions,"Big Life, Big Life","LP, Album, Ltd",,1991,89981,Uncategorized,2019-01-13 17:22:22,,,
"BLR T 57, INT 867 741-1",Mica Paris,Young Soul Rebels,"Big Life, Big Life","12""",,1991,2452212,Uncategorized,2019-01-13 17:32:35,,,
"BLR T46, 867 223-1",The Orb,Perpetual Dawn,"Big Life, Big Life","12""",,1991,2223,Uncategorized,2019-01-13 17:20:22,,,
"BLRT 75, 863 095-1",The Orb,Blue Room,"Big Life, Big Life","12"", Single",,1992,24246,Uncategorized,2019-01-13 17:21:59,,,
"BLRT 81, 863 875-1",The Orb,Assassin,"Big Life, Big Life","12"", Single, Bro",,1992,11115458,Uncategorized,2019-01-13 17:20:46,,,
"BLRLA 18, 513 911-1, ORB FREE 1, 863 375-1",The Orb,U.F.Orb,"Big Life, Big Life, Big Life, Big Life","2xLP, Album + LP, Album, Ltd + Ltd, S/Edition, Blu",,1992,130178,Uncategorized,2019-01-13 17:21:15,,,
"DLSLP 1, DLS LP1",De La Soul,3 Feet High And Rising,"Big Life, Big Life, Tommy Boy","LP, Album, Adr",,1989,3715185,Uncategorized,2017-10-29 15:56:14,,,
BWRT 36,Chad Jackson,Hear The Drummer (Get Wicked),Big Wave (2),"12""",,1990,106504,Uncategorized,2018-07-01 22:14:14,,,
"540370-1, 543070-1",Royal Blood (6),Royal Blood,"Black Mammoth Records, Warner Bros. Records","LP, Album",,2014,6047367,Uncategorized,2019-09-29 19:06:44,,,
BLKMX 004,Mixman,Dub Like Wildfire,Blakamix,"LP, Album",,1991,1979638,Uncategorized,2017-10-29 16:20:14,,,
BLAM 001-1,Fruit & Nuts,Funky Funghus / Chuckfull Of Nuts,Blam,"12""",,1994,411790,Uncategorized,2017-12-27 15:14:17,,,
"BYN 3, 240 657-1",Everything But The Girl,Love Not Money,"Blanco Y Negro, Blanco Y Negro","LP, Album",,1985,148837,Uncategorized,2017-11-02 19:55:56,,,
BLOX008 ,The Blockheads,Same Horse Different Jockey,Blockhead,"LP, Lim",,2013,5152568,Uncategorized,2018-07-01 11:17:03,,,
7243 4 94027 1 3,Various,Blue Break Beats Volume Four,Blue Note,"2xLP, Comp",,1998,198917,Uncategorized,2017-10-21 15:14:24,,,
"BTE 12092, BTE 12092 0946 3 12092 1 5",Digable Planets,Beyond The Spectrum: The Creamy Spy Chronicles,"Blue Note, Blue Note","2xLP, Album, Comp, RM",,2005,645821,Uncategorized,2017-10-29 16:04:22,,,
"BVMLP 1, 524 110-1",Fried Funk Food,The Real Shit Vol 2,"Blunted, Island Records","12""",,1995,178136,Uncategorized,2017-12-27 15:11:21,,,
POSPA 836,Go Go Lorenzo & The Davis Pinckney Project,You Can Dance (If You Want To) (Remix),"Boiling Point, Polydor","12""",,1986,68511,Uncategorized,2017-12-30 22:48:34,,,
"POSPX 807, 885 106-1",Gwen Guthrie,Ain't Nothin' Goin' On But The Rent,"Boiling Point, Polydor, Polydor","12"", Single",,1986,223279,Uncategorized,2017-12-30 22:40:12,,,
BC 002-LP,Various,Bombshell Baby Of Bombay,Bombay Connection,"2xLP, Comp, RM",,2006,868265,Uncategorized,2017-10-21 15:19:59,,,
KSS 1026,Carolyn Harding,Pick It Up,BPM King Street Sounds,"2x12""",,1995,42789,Uncategorized,2018-01-01 13:01:24,,,
BF023,Thundercat,The Golden Age Of Apocalypse,Brainfeeder,"LP, Album",,2011,3079712,Uncategorized,2024-07-16 15:09:44,,,
BF055,Thundercat,The Beyond / Where The Giants Roam,Brainfeeder,"12"", MiniAlbum, Red",,2015,7750876,Uncategorized,2024-07-16 15:11:07,,,
BF064,Thundercat,Drunk,Brainfeeder,"4x10"", Red + Box, Album",,2017,9888163,Uncategorized,2024-07-16 15:04:42,,,
"2318 065 A, 2318 065 L",Curtis Mayfield,Super Fly,"Buddah Records, Buddah Records",LP,,1972,6015377,Uncategorized,2019-01-13 15:44:50,,,
none,Dr. Octagon,Instrumentalyst,Bulk Recordings,"2xLP, Album",,1997,2245217,Uncategorized,2017-10-29 16:14:58,,,
BULT 3,London Posse,London Posse EP,Bullett Records,"12""",,1993,213208,Uncategorized,2019-01-13 15:02:41,,,
BULT2,London Posse,How's Life In London / Shut The Fuck Up,Bullett Records,"12""",,1993,213205,Uncategorized,2019-01-13 15:07:16,,,
"CC 50006, C/C 50006",Rotary Connection,"Hey, Love","Cadet Concept, Cadet Concept","LP, Album",,1971,1284735,Uncategorized,2019-09-29 18:57:56,,,
C1-92217,Freddie Jackson,Do Me Again,Capitol Records,"LP, Album",,1990,1623474,Uncategorized,2018-07-01 22:15:56,,,
EA-ST 11207,Grand Funk Railroad,We're An American Band,Capitol Records,"LP, Album, RE",,0,2713375,Uncategorized,2017-12-30 22:24:53,,,
MLP-15021,"George Clinton, Parliament, Funkadelic",The Mothership Connection (Live From Houston),Capitol Records,"LP, MiniAlbum, Comp, Spe",,1986,575516,Uncategorized,2019-01-13 17:42:18,,,
SEBX-11842,The Beatles,1962-1966,Capitol Records,"2xLP, Comp, Ltd, RE, Red",,1978,1251999,Uncategorized,2017-10-21 14:41:35,,,
SKAO-456,David Axelrod,Earth Rot,Capitol Records,"LP, Album",,1970,679324,Uncategorized,2026-04-26 00:49:12,,,
SPRO 7087 6 18138 14,Dilated Peoples,Poisonous,Capitol Records,"12"", Promo",,2003,606448,Uncategorized,2017-10-29 16:00:44,,,
SW-764,Grand Funk Railroad,Survival,Capitol Records,"LP, Album, RP, Win",,1971,1123815,Uncategorized,2017-12-30 22:23:54,,,
"12CL 653, 20 4757 0",Beastie Boys,Pass The Mic,"Capitol Records, Capitol Records","12"", S/Sided, EP, Etch",,1992,351774,Uncategorized,2017-10-21 14:28:45,,,
"E-ST 24058, 0C 062-85 067",Steve Miller,The Best Of Steve Miller 1968-1973,"Capitol Records, Capitol Records","LP, Comp, Emb",,1977,1841250,Uncategorized,2019-01-13 16:08:45,,,
"EMTVD 51, 79 4620 1",The Beach Boys,Summer Dreams: 32 Classic Tracks,"Capitol Records, Capitol Records","2xLP, Comp",,1990,1748681,Uncategorized,2017-10-21 14:17:21,,,
"ST 2553, ST-2553",The Beatles,Yesterday And Today,"Capitol Records, Capitol Records","LP, Album, Comp, Tru",,1966,379388,Uncategorized,2017-10-21 14:43:05,,,
"0777 7 91743 1 7, EST 2102, 7 91743 1",Beastie Boys,Paul's Boutique,"Capitol Records, Capitol Records, Beastie Boys Records, Capitol Records, Beastie Boys Records","LP, Album, RE, Gat",,0,47802,Uncategorized,2017-10-21 14:29:52,,,
"E-ST 12018, EST 12018, OC 062-86 045",Dr. Hook,Sometimes You Win,"Capitol Records, Capitol Records, Capitol Records","LP, Album",,1979,1915870,Uncategorized,2018-02-03 18:24:06,,,
"E-ST 26037, EST 26037, OC 062-86 274",Dr. Hook,Greatest Hits,"Capitol Records, Capitol Records, Capitol Records","LP, Album, Comp, Pur",,1980,1485128,Uncategorized,2018-02-03 18:24:52,,,
12CLS 665,Beastie Boys,Frozen Metal Head,"Capitol Records, Grand Royal Records","12"", EP, Ltd, Whi",,1992,117305,Uncategorized,2017-10-21 14:24:20,,,
"7243 4 95723 1 7, 495 7231",Beastie Boys,Hello Nasty,"Capitol Records, Grand Royal, Grand Royal","2xLP, Album",,1998,544140,Uncategorized,2017-10-21 14:21:08,,,
"B0028035-01, NA 5165, NA 5165-LP-ST",David Axelrod,Song Of Innocence,"Capitol Records, Now-Again Records, Now-Again Records, Universal Music Special Markets","LP, Album, RSD, RE",,2018,11889255,Uncategorized,2024-07-16 15:22:20,,,
509996 88043 1 2,Beastie Boys,Hotsaucecommitteeparttwo,"Capitol Records, Oscilloscope Laboratories, Brooklyn Dust Music","2xLP, Album, 180 + 7"", Single + Whi",,2011,2895444,Uncategorized,2017-10-21 14:20:03,,,
3-4015-0-DJ,Definition Of Sound,Wear Your Love Like Heaven,Cardiac Records,"12"", Single, Promo",,1991,396824,Uncategorized,2017-10-29 15:46:26,,,
JZ 35752,The Beach Boys,L.A. (Light Album),"Caribou Records, Brother Records (3), CBS","LP, Album",,1979,1595322,Uncategorized,2017-10-21 14:18:17,,,
6302 112,Parliament,Trombipulation,Casablanca,"LP, Album, Gat",,1980,1524867,Uncategorized,2019-01-13 17:39:25,,,
CAL 2003,Parliament,The Clones Of Dr. Funkenstein,Casablanca,"LP, Album",,1977,252205,Uncategorized,2019-01-13 17:41:28,,,
CALD 5002,Parliament,Parliament Live - P.Funk Earth Tour,Casablanca,"2xLP, Album",,1977,1145871,Uncategorized,2019-01-13 17:45:29,,,
CALH 2021,Parliament,Funkentelechy Vs. The Placebo Syndrome,Casablanca,"LP, Album",,1977,881165,Uncategorized,2019-01-13 17:41:00,,,
CALH 2044,Parliament,Motor-Booty Affair,Casablanca,"LP, Album, Gat",,1978,885742,Uncategorized,2019-01-13 17:35:33,,,
CANL 154,Parliament,Deep,Casablanca,"12"", Blu",,1979,649615,Uncategorized,2019-01-13 17:40:30,,,
NB 9003,Parliament,Up For The Down Stroke,Casablanca,"LP, Album",,1974,2867947,Uncategorized,2019-01-13 17:42:45,,,
NBLP 7014,Parliament,Chocolate City,Casablanca,"LP, Album, RE, Rai",,0,3158103,Uncategorized,2019-01-13 17:36:18,,,
NBLP 7019,Buddy Miles,More Miles Per Gallon,Casablanca,"LP, Album",,1975,1765504,Uncategorized,2019-01-13 16:06:47,,,
NBLP 7022,Parliament,Mothership Connection,Casablanca,"LP, Album, RE, 180",,0,3751378,Uncategorized,2019-01-13 17:37:53,,,
NBLP 7034,Parliament,The Clones Of Dr. Funkenstein,Casablanca,"LP, Album, Ter",,1976,3794873,Uncategorized,2019-01-13 17:37:09,,,
NBLP 7125,Parliament,Motor Booty Affair,Casablanca,"LP, Album, Kee",,1978,202997,Uncategorized,2019-01-13 17:44:20,,,
NBLP 7195,Parliament,GloryHallaStoopid (Pin The Tale On The Funky),Casablanca,"LP, Album, Gat",,1979,631335,Uncategorized,2019-01-13 17:34:55,,,
NBPIX 7125,Parliament,Motor Booty Affair,Casablanca,"LP, Album, Pic",,1978,613250,Uncategorized,2019-01-13 17:44:07,,,
466482 0,A Guy Called Gerald,Automanikk,CBS,"LP, Album",,1990,6123286,Uncategorized,2018-01-01 12:24:13,,,
CBS 25804,The Ramsey Lewis Trio,Reunion,CBS,"LP, Album",,1983,2938590,Uncategorized,2019-09-29 18:06:39,,,
CBS 32074,Leonard Cohen,Songs From A Room,CBS,"LP, Album, RE",,0,5572097,Uncategorized,2017-10-21 18:39:46,,,
CBS 32266,"Earth, Wind & Fire",All 'N All,CBS,"LP, Album, RE",,0,3731858,Uncategorized,2017-10-30 21:46:29,,,
CBS 82277,Billy Cobham,Magic,CBS,"LP, Album, RP, Gat",,1977,598411,Uncategorized,2017-10-28 11:56:16,,,
CBS 85557,The Miles Davis Sextet / The Thelonious Monk Quartet,Miles & Monk At Newport,CBS,"LP, Album, RE",,0,4252198,Uncategorized,2019-01-13 16:07:30,,,
CBS 85977,Marvin Gaye,Midnight Love,CBS,"LP, Album",,1982,665916,Uncategorized,2017-12-27 15:35:33,,,
LP3S-114,The Clash,Sandinista!,CBS,"3xLP, Album + Box",,1980,6215771,Uncategorized,2017-10-26 16:56:32,,,
"12-8087, S CBS 12 8087",The Clash,London Calling And Armagideon Time,"CBS, CBS","12"", Single",,1979,1804255,Uncategorized,2017-10-28 11:51:05,,,
"66250, C2X 30050",Bob Dylan,Self Portrait,"CBS, CBS","2xLP, Album",,1970,5548942,Uncategorized,2017-10-29 16:24:47,,,
"BPG 62710, 62710",Dave Brubeck,Dave Brubeck's Greatest Hits,"CBS, CBS","LP, Comp, Mono",,1966,3341872,Uncategorized,2017-10-21 15:41:19,,,
"CBS 69161, 69161",Leonard Cohen,Greatest Hits,"CBS, CBS","LP, Comp",,1975,652936,Uncategorized,2017-10-21 18:38:46,,,
"CBS 82000, S CBS 82000",The Clash,The Clash,"CBS, CBS","LP, Album, RE",,0,456552,Uncategorized,2017-10-28 11:49:52,,,
"CBS CLASH 3, S CBS Clash 3",The Clash,London Calling,"CBS, CBS","2xLP, Album",,1979,470912,Uncategorized,2017-10-26 16:58:46,,,
"S 69011, 69011",Fleetwood Mac,Fleetwood Mac Greatest Hits,"CBS, CBS","LP, Comp, Gat",,1971,455109,Uncategorized,2017-11-02 20:10:07,,,
"S CBS 13 8252, 13-8252","Earth, Wind & Fire",In The Stone,"CBS, CBS","12"", Single, Ltd",,1979,395461,Uncategorized,2017-10-30 21:47:07,,,
"S CBS 83491, CBS 83491",Herbie Hancock,Feets Don't Fail Me Now,"CBS, CBS","LP, Album",,1979,892151,Uncategorized,2018-01-07 13:18:03,,,
"SBPG 63241, 63241",Leonard Cohen,Songs Of Leonard Cohen,"CBS, CBS","LP, Album, RE, RP",,1971,3156791,Uncategorized,2017-10-21 18:40:48,,,
"83284, S CBS 83284, FC 35647","Earth, Wind & Fire","The Best Of Earth, Wind & Fire Vol. I","CBS, CBS, ARC (3)","LP, Comp, Gat",,1978,849745,Uncategorized,2017-10-30 21:47:54,,,
"CBS 83729, S CBS 83729",Bob James,Lucky Seven,"CBS, Tappan Zee Records","LP, Album",,1979,594069,Uncategorized,2026-04-26 00:51:49,,,
CHAMP 12-94,Hardhouse,Check This Out / 11.55,Champion,"12""",,1989,114948,Uncategorized,2018-01-01 12:35:10,,,
BCL1-0199,Austin Roberts,The Last Thing On My Mind,Chelsea Records,"LP, Album, Ind",,1973,2550134,Uncategorized,2019-09-29 18:32:40,,,
CCHBE002,Hypnotic Brass Ensemble,Bulletproof Brass,ChoiceCuts,"12"", EP",,2011,3170066,Uncategorized,2018-07-01 11:15:14,,,
CDL 1192,Blondie,Parallel Lines,Chrysalis,"LP, Album",,1978,229449,Uncategorized,2017-10-21 15:12:24,,,
CHR 1212,Michel Colombier,Michel Colombier,Chrysalis,"LP, Album",,1979,3443481,Uncategorized,2017-10-26 16:43:20,,,
CHS 12 3381,"Terry, Blair & Anouchka",Missing,Chrysalis,"12"", Single",,1989,2183502,Uncategorized,2018-01-01 12:31:06,,,
CHS 12 3399,Rex (14),A Far Cry,Chrysalis,"12""",,1989,4868724,Uncategorized,2019-09-29 18:19:22,,,
CHST-2860,Paul Hardcastle,19 (Extended Version),Chrysalis,"12"", Maxi",,1985,685837,Uncategorized,2018-01-01 12:33:01,,,
PAULX 4,Paul Hardcastle,Walk In The Night,Chrysalis,"12"", Single",,1988,97152,Uncategorized,2018-01-01 12:34:03,,,
"12chs 5015, 7243 881782 6 6",Luciana,"What Goes Around (12"" Mixes)","Chrysalis, Chrysalis","12""",,1994,1403050,Uncategorized,2019-01-13 15:06:45,,,
"F1-21998, 0946 3 21998 1 2",Guru,Jazzmatazz (Volume 1),"Chrysalis, Chrysalis","LP, Album",,1993,338291,Uncategorized,2018-08-27 16:55:16,,,
7243 8 28435 1 1,Gang Starr,Hard To Earn,"Chrysalis, ERG","2xLP, Album",,1994,314686,Uncategorized,2017-12-27 15:26:27,,,
YRTPR 27,Various,United House Nations,Circa,"12"", Promo",,1989,628086,Uncategorized,2019-01-13 20:25:29,,,
CFP 175,Gustav Holst - BBC Symphony Orchestra Conducted By Sir Malcolm Sargent,The Planets,Classics For Pleasure,"LP, Bla",,0,9297631,Uncategorized,2018-02-03 18:21:23,,,
JABB 18,Parliament,Uncut Funk - The Bomb (The Best Of Parliament),Club,"LP, Comp",,1986,429954,Uncategorized,2019-01-13 17:39:53,,,
JABX DJ 21,Cameo,Single Life,Club,"12"", Promo",,1985,2932977,Uncategorized,2017-10-21 18:01:56,,,
1001,Music For Lovers,Possesive,Club B,"12""",,1995,88927,Uncategorized,2017-10-28 11:54:14,,,
925 731-1,Big Daddy Kane,Long Live The Kane,Cold Chillin',"LP, Album",,1988,202463,Uncategorized,2017-10-21 15:06:47,,,
44X 78044,Mariah Carey,Fantasy,Columbia,"2x12"", Gat",,1995,546130,Uncategorized,2017-10-21 18:09:46,,,
509362 1,Nas,The Lost Tapes,Columbia,"2xLP, Comp",,2002,238595,Uncategorized,2019-01-13 17:01:17,,,
658858 6,Kris Kross,It's A Shame,Columbia,"12"", Single",,1992,598287,Uncategorized,2018-10-06 17:57:39,,,
660921 6,Da Brat,Funkdafied,Columbia,"12""",,1994,1429144,Uncategorized,2017-10-28 12:05:12,,,
C 30103,Leonard Cohen,Songs Of Love And Hate,Columbia,"LP, Album",,1971,483725,Uncategorized,2017-10-21 18:40:16,,,
PC 33235,Bob Dylan,Blood On The Tracks,Columbia,"LP, Album, Ter",,1975,2306941,Uncategorized,2017-10-29 16:24:12,,,
XPR2390,The Firm (6),The Album (Sampler),Columbia,"12"", Promo, Smplr",,1997,846009,Uncategorized,2019-01-13 16:59:59,,,
"C 31702, 31702","Earth, Wind & Fire",Last Days And Time,"Columbia, Columbia","LP, Album, RE, TML",,1973,1325240,Uncategorized,2017-10-30 21:48:47,,,
"COL 661155 6, 661155 6, 01-661155-20",Dan Hartman Starring Loleatta Holloway,Keep The Fire Burnin',"Columbia, Columbia, Columbia","12""",,1994,104921,Uncategorized,2018-01-01 13:07:25,,,
"C2L 41, 88875146311",Bob Dylan,Blonde On Blonde,"Columbia, Legacy, Sony Music","2xLP, Album, Mono, RE, RP, 180",,2015,7764632,Uncategorized,2017-10-29 16:25:50,,,
"COL 468893 1, 468893 1",Cypress Hill,Cypress Hill,"Columbia, Ruffhouse Records","LP, Album, RE, RP",,1994,312278,Uncategorized,2017-10-28 12:04:08,,,
C2X 36786,Bob James,All Around The Town,"Columbia, Tappan Zee Records","2xLP, Album, Gat",,1981,1595988,Uncategorized,2018-10-07 15:03:45,,,
C-PRO 849,Sérgio Mendes,Timeless,Concord Records,"2xLP, Promo",,2006,772337,Uncategorized,2019-01-13 16:02:03,,,
"2870 370, 2870-370",Tony Bagwell,Romantic Moog,"Contour, Contour","LP, Album",,1974,11844288,Uncategorized,2019-09-29 18:45:15,,,
12COOL 293,Arrested Development,Ease My Mind,Cooltempo,"12""",,1994,448385,Uncategorized,2017-10-21 13:43:10,,,
12COOL 313,Guru,Feel The Music,Cooltempo,"12""",,1995,735134,Uncategorized,2017-12-30 22:39:47,,,
12cool275,Shara Nelson,Down That Road,Cooltempo,"12""",,1993,487348,Uncategorized,2019-01-13 16:56:21,,,
12cool279,Shara Nelson,One Goodbye In Ten,Cooltempo,"12""",,1993,230722,Uncategorized,2019-01-13 16:55:52,,,
COOL X 146,Eric B. & Rakim,I Know You Got Soul,Cooltempo,"12""",,1987,334221,Uncategorized,2017-11-02 19:48:37,,,
COOLX 124,The Real Roxanne With Howie Tee,Bang Zoom! Let's Go Go! ,Cooltempo,"12""",,1986,126258,Uncategorized,2019-09-29 19:07:53,,,
COOLX 203,Bizz Nizz,Don't Miss The Partyline,Cooltempo,"12""",,1990,44287,Uncategorized,2017-10-21 15:07:00,,,
"COOLX248, 3 23824 6",Adeva,Don't Let It Show On Your Face,"Cooltempo, Chrysalis","12""",,1992,207199,Uncategorized,2017-10-21 13:27:47,,,
"12COOL 308, 7243 8 82261 6 5",Guru,Watch What You Say,"Cooltempo, Cooltempo","12""",,1995,4729267,Uncategorized,2017-12-30 22:37:38,,,
"12COOL 310, 7243 8 82448 6",Rappin' 4-Tay,Playaz Club,"Cooltempo, Cooltempo","12""",,1995,2142090,Uncategorized,2019-09-29 18:08:25,,,
"32 1910 1, CTLP27",Gang Starr,Daily Operation,"Cooltempo, Cooltempo","LP, Album",,1992,7656257,Uncategorized,2017-12-27 15:27:29,,,
"7243 8 81184 6 0, 12cool286",Shara Nelson,Uptight,"Cooltempo, Cooltempo","12""",,1994,540429,Uncategorized,2019-01-13 16:55:34,,,
"CTLP 21, 3217981",Gang Starr,Step In The Arena,"Cooltempo, Cooltempo","LP, Album",,1991,347444,Uncategorized,2017-12-27 15:26:56,,,
"COOL 253, cool253, 3238717",Arrested Development,Tennessee,"Cooltempo, Cooltempo, Cooltempo","7""",,1992,514492,Uncategorized,2017-10-21 13:41:40,,,
COPDIS 4,Little Roy,Without My Love / Christopher Columbus,Copasetic Records,"12""",,1981,3432407,Uncategorized,2019-01-13 14:58:22,,,
"CP 55, COP 1302",Bill Haley And His Comets,Rock Around The Clock,"Coral, Coral","LP, Album, Comp, Mono, RE",,1970,3043343,Uncategorized,2018-01-01 12:29:51,,,
790 253-1,The Fatback Band,So Delicious,Cotillion,"LP, Album",,1985,41900,Uncategorized,2017-11-02 20:02:29,,,
CF012-1,Induce,Cuticle Scrapes Vol. 1,Counterflow Recordings,"2xLP, Comp",,2001,438318,Uncategorized,2018-07-01 22:07:19,,,
State 004,808 State,Quadrastate,Creed Records,"LP, MiniAlbum",,1989,3554,Uncategorized,2017-10-30 21:49:53,,,
CRT 98,The Drifters,Saturday Night At The Movies,Creole Records,"12"", P/Mixed",,1987,4089828,Uncategorized,2017-10-29 16:17:02,,,
croc  001,Stevo & Mr. Twist,Crocadile Bites I,Crocadile Bites,"12""",,0,797718,Uncategorized,2017-10-21 18:30:22,,,
CTI 6063,Bob James,Three,CTI Records,"LP, Album",,1976,254716,Uncategorized,2018-10-07 15:04:07,,,
"CTI 6057S1, CTI 6057 S1",Bob James,Two,"CTI Records, CTI Records","LP, Album, Gat",,1975,8699584,Uncategorized,2018-10-07 15:03:17,,,
LV 1,Curtis Mayfield,"No Goodbyes / Party, Party",Curtom,"12"", Single, Ltd, S/Edition",,1978,204063,Uncategorized,2019-01-13 15:42:30,,,
DAP-005,The Budos Band,The Budos Band,Daptone Records,"LP, Album",,2005,633002,Uncategorized,2017-10-21 15:41:49,,,
6359 029,Kool & The Gang,Celebrate!,De-Lite Records,"LP, Album",,1980,971744,Uncategorized,2018-10-06 17:53:54,,,
"DEP-2023, DEP 2023",Kool & The Gang,Open Sesame,"De-Lite Records, De-Lite Records","LP, Album, Fol",,1976,516797,Uncategorized,2018-10-06 17:54:41,,,
"DSR 003, DSR 3",Kool & The Gang,As One,"De-Lite Records, De-Lite Records","LP, Album",,1982,889912,Uncategorized,2018-10-06 17:52:36,,,
SKL 5065,The Rolling Stones,Get Yer Ya-Ya's Out! - The Rolling Stones In Concert,Decca,"LP, Album",,1970,5373616,Uncategorized,2019-09-29 18:36:51,,,
TXL 103,The Rolling Stones,Their Satanic Majesties Request,Decca,"LP, Album, Mono, RP, Len",,1967,5509920,Uncategorized,2019-09-29 18:44:04,,,
DCD1995 01T,Jestofunk Featuring Ce Ce Rogers,Can We Live?,Deconstructed Music,"12""",,1995,19395,Uncategorized,2018-08-27 17:11:11,,,
74321 11813-1,Felix,It Will Make Me Crazy,Deconstruction,"12""",,1992,2077528,Uncategorized,2017-11-02 20:06:10,,,
74321 27729 1,N-Joi,Bad Things,Deconstruction,"12""",,1995,85771,Uncategorized,2019-01-13 16:48:37,,,
74321 29361 1,Kylie Minogue,Where Is The Feeling?,Deconstruction,"12"", Single",,1995,64150,Uncategorized,2019-01-13 16:11:09,,,
74321 32613 1,Republica,Ready To Go,Deconstruction,"12"", Single",,1996,565768,Uncategorized,2019-09-29 18:18:30,,,
PL 74855,Various,Decoded And Danced Up Rhythms Of De-construction,Deconstruction,"LP, Comp",,1990,174802,Uncategorized,2017-10-29 15:41:49,,,
00602577260964,Slick Rick,The Great Adventures Of Slick Rick,Def Jam Recordings,"2xLP, Album, RE",,2019,13543613,Uncategorized,2024-07-16 15:03:48,,,
44-74810,LL Cool J,How I'm Comin',Def Jam Recordings,"12"", Single",,1993,512352,Uncategorized,2019-01-13 15:02:20,,,
BEAST T2,Beastie Boys,She's On It,Def Jam Recordings,"12"", TP",,1987,2385842,Uncategorized,2017-10-21 14:26:21,,,
450482 1,Public Enemy,Yo! Bum Rush The Show,"Def Jam Recordings, CBS","LP, Album",,1987,179094,Uncategorized,2019-01-13 20:32:00,,,
462415 1,Public Enemy,It Takes A Nation Of Millions To Hold Us Back,"Def Jam Recordings, CBS","LP, Album",,1988,805877,Uncategorized,2019-01-13 20:33:00,,,
466281 1,Public Enemy,Fear Of A Black Planet,"Def Jam Recordings, CBS","LP, Album, RE, Unofficial",,0,4339090,Uncategorized,2019-01-13 20:32:37,,,
467315 1,LL Cool J,Mama Said Knock You Out,"Def Jam Recordings, CBS","LP, Album",,1990,3189001,Uncategorized,2019-01-13 15:01:20,,,
655476 8,Public Enemy,Welcome To The Terrordome,"Def Jam Recordings, CBS","12""",,1990,81806,Uncategorized,2019-01-13 20:34:16,,,
656018 6,Public Enemy,Brothers Gonna Work It Out,"Def Jam Recordings, CBS","12"", MP",,1990,1207086,Uncategorized,2019-01-13 20:33:54,,,
BEAST T1,Beastie Boys,No Sleep Till Brooklyn,"Def Jam Recordings, CBS","12"", Single",,1987,459550,Uncategorized,2017-10-21 14:26:54,,,
"LLCJ Q1, LLCJQ1",LL Cool J,Go Cut Creator Go,"Def Jam Recordings, Def Jam Recordings","12"", EP",,1987,2945748,Uncategorized,2019-01-13 15:00:49,,,
7567-92373-1,Various,Natural Selections,Delicious Vinyl,"LP, Comp",,1994,401626,Uncategorized,2019-01-13 16:58:32,,,
"FIEND 777, ID1",Ian Dury And The Blockheads,Warts 'N' Audience (Live: 22 December 1990),"Demon Records, Demon Records","LP, Album + 7"", Single + Ltd",,1991,2515365,Uncategorized,2018-07-01 11:18:55,,,
"SML 711, SML.711",The Moody Blues,In Search Of The Lost Chord,"Deram, Deram","LP, Album, Gat",,1968,5743385,Uncategorized,2019-01-13 16:21:33,,,
WANT X 18,"Rebel MC, Double Trouble",Street Tuff,Desire Records,"12"", Single, Dam",,1989,49654,Uncategorized,2019-09-29 18:12:06,,,
"LUVLP 5, 843 294 1",Rebel MC,Rebel Music,"Desire Records, Desire Records","LP, Album",,1990,131045,Uncategorized,2019-09-29 18:12:25,,,
410 478-1,Ludwig Van Beethoven,"Symphony No. 5 In C Minor, Opus 67",Deutsche Grammophon,"LP, RE",,1983,3704434,Uncategorized,2017-10-21 15:01:22,,,
DLR 001,Optimas Prime,Pyramoya Anthem / Revenge Of The Tramps,Dial Up Records,"12""",,2004,354989,Uncategorized,2019-01-13 17:18:08,,,
DIM7502,Mr. Dibbs / Five Deez,"Table Noise, Vol. 1",Dimensia Recordings,"12""",,2000,316616,Uncategorized,2017-10-29 15:52:16,,,
"DJH 20500, DJLPX 1",Elton John,Captain Fantastic And The Brown Dirt Cowboy,"DJM Records (2), DJM Records (2)","LP, Album, RE",,1978,2772372,Uncategorized,2017-11-02 19:35:40,,,
DMC 74/3,Various,March 89 Previews,DMC,"LP, Comp",,1989,933215,Uncategorized,2017-10-21 13:48:54,,,
E 92441,Franz Ferdinand,Franz Ferdinand,Domino,"LP, Album, Emb",,2004,1978494,Uncategorized,2017-12-27 12:08:28,,,
rug213t,Four Tet,A Joy,Domino,"12"", EP, Single",,2005,574870,Uncategorized,2017-11-04 19:21:01,,,
RUG226,Arctic Monkeys,Who The Fuck Are Arctic Monkeys?,Domino,"10"", EP",,2006,695957,Uncategorized,2017-10-21 13:39:39,,,
WIGLP162,Arctic Monkeys,"Whatever People Say I Am, That's What I'm Not",Domino,"LP, Album",,0,8644845,Uncategorized,2017-10-21 13:39:15,,,
DOR029,Jhelisa,Hold My Peace,Dorado,"12""",,1994,707029,Uncategorized,2018-08-27 17:12:17,,,
DOR031,D*Note,Criminal Justice,Dorado,"12""",,1995,110243,Uncategorized,2017-10-29 16:03:55,,,
DC263,Joanna Newsom,The Milk-Eyed Mender,Drag City,"LP, Album",,2004,458611,Uncategorized,2019-01-13 16:50:35,,,
44008 P,Parliament,Osmium,Earmark,"LP, Album, Pic, RE",,2003,2821954,Uncategorized,2019-01-13 17:38:21,,,
"Bloc001, bloc001",Atlantic Ocean,Waterfall,"Eastern Bloc Records, Eastern Bloc Records","12""",,1993,75652,Uncategorized,2017-10-21 13:46:35,,,
"MFJP-1005, 63980-0",Pete Rock & C.L. Smooth,Unreleased Joints,"EastWest Japan (2), Elektra (2)","12"", RE, Unofficial",,2002,2378430,Uncategorized,2019-01-13 19:42:05,,,
0-63933,En Vogue,Whatever,EastWest Records America,"12""",,1997,1437316,Uncategorized,2017-11-02 19:46:52,,,
7567-92121-1,En Vogue,Funky Divas,EastWest Records America,"LP, Album",,1992,640628,Uncategorized,2017-11-02 19:47:25,,,
"YZ484T, 9031-71828-0",Olimax & DJ Shapps,Last Night A D.J. Saved My Life,"EastWest, EastWest","12""",,1990,216953,Uncategorized,2019-01-13 15:56:34,,,
ED 128,Dr. John,I Been Hoodood,Edsel Records,"LP, Comp",,1984,2276741,Uncategorized,2017-10-29 16:16:08,,,
813 535-1 Y,Brian Eno With Daniel Lanois & Roger Eno,Apollo (Atmospheres & Soundtracks),EG,"LP, Album",,1983,2024880,Uncategorized,2017-11-02 19:45:12,,,
ELM 8021P,Fourth World,Return Journey Album Sampler,Electric M.E.L.T.,"12"", Promo, Smplr",,2000,1305075,Uncategorized,2017-12-27 12:03:20,,,
0-66445,Pete Rock & C.L. Smooth,They Reminisce Over You (T.R.O.Y.),Elektra,"12""",,1992,878629,Uncategorized,2019-01-13 20:09:11,,,
61313-1,Deee-Lite,Infinity Within,Elektra,"2xLP, Album",,1992,1138879,Uncategorized,2017-10-29 15:39:47,,,
9 60957-1,Deee-Lite,World Clique,Elektra,"LP, Album",,1990,1016561,Uncategorized,2017-10-29 15:39:23,,,
EKR 142 T,Del Tha Funkee Homosapien,Mistadobalina,Elektra,"12""",,1991,154237,Uncategorized,2017-10-29 15:54:44,,,
K42029,Bread,Bread,Elektra,"LP, Album, RE",,1976,8254426,Uncategorized,2017-10-21 15:25:32,,,
"7559-60948-1, EKT 105",Pete Rock & C.L. Smooth,Mecca And The Soul Brother,"Elektra, Elektra","2xLP, Album",,1992,7815366,Uncategorized,2019-01-13 20:09:43,,,
"K52062, K 52062",Bread,The Sound Of Bread - Their 20 Finest Songs,"Elektra, Elektra","LP, Album, Comp, non",,1977,4356686,Uncategorized,2017-10-21 15:32:15,,,
"E9677T, E9677(T), 9 66920-0",Grandmaster Flash,Sign Of The Times,"Elektra, Elektra, Elektra","12""",,1985,616951,Uncategorized,2017-12-30 22:31:09,,,
"EKR201T, 7559-66123-0, EKR201 (T)",Anita Baker,I Apologize,"Elektra, Elektra, Elektra","12""",,1995,99062,Uncategorized,2017-10-21 14:11:52,,,
"EKR 114 T, 7559-66613-0",Deee-Lite,Groove Is In The Heart,"Elektra, WEA","12"", RE",,1996,1141517,Uncategorized,2017-10-29 15:40:08,,,
EMB 3314,Art Tatum,In Person,Ember Records International Ltd,"LP, Album",,1960,3802037,Uncategorized,2017-10-21 13:43:54,,,
12 EMI 5207,Kraftwerk,Computer Love / The Model,EMI,"12"", Single",,1981,128013,Uncategorized,2018-10-06 17:55:30,,,
12 JAKI 4,Jaki Graham,Round And Around (Extended Version),EMI,"12"", Single",,1985,201163,Uncategorized,2017-12-30 22:23:08,,,
12EMX 206,Ruthless Rap Assassins,Mellow Mixes,EMI,"12"", Single",,1991,390432,Uncategorized,2019-09-29 19:18:23,,,
1A 058 1262331,Focus (2),Het Beste Van Focus,EMI,"LP, Comp, RE",,1983,4723879,Uncategorized,2017-11-02 20:13:08,,,
"12 EM 388, 12EM 388, 7243 8 82386 6 3, 8 82386 6",Diana Ross,Take Me Higher,"EMI United Kingdom, EMI United Kingdom, EMI United Kingdom, EMI United Kingdom","12""",,1995,86281,Uncategorized,2019-09-29 18:49:44,,,
"14 2029286, 14 2028916",Bobby McFerrin,"Don't Worry, Be Happy","EMI-Manhattan Records, EMI-Manhattan Records","12"", Maxi",,1988,5302154,Uncategorized,2019-01-13 15:51:28,,,
"11C 074 04002, 8E 068 - 04 002",The Beatles,Yellow Submarine,"EMI, EMI","LP, Album, RE",,1979,4819335,Uncategorized,2017-10-21 14:49:23,,,
"14C 062-04097, 2J062-04097 ",The Beatles,Revolver,"EMI, EMI","LP, Album, RE, RP",,0,1863427,Uncategorized,2017-10-21 14:46:55,,,
"24 0783 1, KAOS 1",Roger Waters,Radio K.A.O.S.,"EMI, EMI","LP, Album",,1987,1444081,Uncategorized,2019-01-13 19:57:16,,,
"MAX 1001, 0C 062-06 662",Max Boyce,I Know Cos- I Was There!!,"EMI, EMI","LP, Album",,1978,562993,Uncategorized,2017-10-21 15:23:51,,,
ENS-7504,Isaac Hayes,Tough Guys (Music From The Soundtrack Of The Paramount Release 'Three Tough Guys'),Enterprise,"LP, Album, Mon",,1974,472605,Uncategorized,2018-01-01 13:07:53,,,
467295 1,George Michael,Listen Without Prejudice Vol. 1,Epic,"LP, Album",,1990,436661,Uncategorized,2019-01-13 16:06:12,,,
660867 6,Basia,Third Time Lucky / Drunk On Love (The Remixes),Epic,"12""",,1994,663615,Uncategorized,2019-09-29 18:18:10,,,
661159 6,Gloria Estefan,Everlasting Love,Epic,"12"", Single",,1995,1816010,Uncategorized,2017-11-02 19:49:11,,,
661195 6,Rozalla,Baby,Epic,"12""",,1995,93937,Uncategorized,2019-09-29 19:07:16,,,
662063 6,Funkdoobiest,Dedicated,Epic,"12"", Single",,1995,1290333,Uncategorized,2017-12-27 15:21:41,,,
662388 6,Groove Theory,Tell Me (The Remixes),Epic,"12""",,1995,596510,Uncategorized,2017-12-30 22:36:46,,,
EPC 83468,Michael Jackson,Off The Wall,Epic,"LP, Album, RP, Gat",,1979,266342,Uncategorized,2018-07-01 22:18:36,,,
EPC 85930,Michael Jackson,Thriller,Epic,"LP, Album",,1982,7747375,Uncategorized,2018-07-01 22:17:53,,,
S EPC 65207,Glencoe,Glencoe,Epic,"LP, Album",,1972,2316584,Uncategorized,2017-12-30 22:18:18,,,
"EPC 86040, S EPC 86040",The Isley Brothers,Forever Gold,"Epic, Epic","LP, Comp",,1977,800072,Uncategorized,2018-07-01 22:13:21,,,
661099 6,Donna Allen,Real,"Epic, Epic Dance, Epic Soundtrax, Crescent Moon Records","12"", Single",,1995,421097,Uncategorized,2017-10-21 13:30:14,,,
"EPC 80835, S EPC 80835, POLS 262",ABBA,ABBA,"Epic, Epic, Epic","LP, Album, Yel",,1975,1435244,Uncategorized,2017-10-21 13:23:54,,,
"EPC 86086, 86086, S EPC 86086",ABBA,Voulez-Vous,"Epic, Epic, Epic","LP, Album",,1979,403181,Uncategorized,2017-10-21 13:24:35,,,
"EPC 82674, S EPC 82674, JZ 35303",Stanley Clarke,Modern Man,"Epic, Epic, Nemperor Records","LP, Album, Ast",,1978,5183831,Uncategorized,2017-10-26 16:54:50,,,
EPC 32345,Carole King,Her Greatest Hits,"Epic, Ode Records (2)","LP, Comp, RE",,0,12133255,Uncategorized,2018-10-06 17:50:30,,,
662517 6,Bone Thugs-N-Harmony,1st Of Tha Month,"Epic, Ruthless Records","12"", Single",,1995,432517,Uncategorized,2017-10-21 15:20:35,,,
EPC A 13 2957,Skyy,Let Love Shine,"Epic, Streetwave","12"", Single",,1982,955109,Uncategorized,2019-01-13 16:49:50,,,
EOF-004,"D-Styles, Mike Boo, Toadstyle, Excess (2), Ricci Rucker",Bastrd Language Tour Official Show Vinyl,Epitome Of Fresh,"12""",,2004,771924,Uncategorized,2017-10-21 14:16:51,,,
AWOLT 1,Cry Sisco!,Afro Dizzi Act,Escape Records,"12""",,1988,90681,Uncategorized,2017-10-21 18:34:26,,,
ESDLP 189,Various,George Clinton Family Series Pt. 2,Essential! Records,"2xLP, Comp",,1993,1281970,Uncategorized,2017-12-27 15:20:00,,,
ESSLP 027,Various,"Sugarhill - The 12"" Remixes","Essential! Records, Sugar Hill Records","LP, Comp",,1990,186837,Uncategorized,2017-12-30 22:30:18,,,
CBR 1004,Bob Marley,Riding High,Everest Records (5),"LP, Comp",,1984,1158951,Uncategorized,2019-01-13 15:33:15,,,
EV0051,Jak And Stepper,Bad Shit Tribute,Evolution (17),"12""",,1996,61212,Uncategorized,2018-07-01 22:19:45,,,
EYE UK 040,Freddy Fresh Feat. Fatboy Slim,Badder Badder Schwing,Eye Q Records,"12"", W/Lbl",,1999,2201597,Uncategorized,2017-12-27 12:11:51,,,
EYE UK LP 019,Mogwai,Kicking A Dead Pig - Mogwai Songs Remixed,Eye Q Records,"2xLP, Promo",,1998,3103909,Uncategorized,2019-01-13 16:19:12,,,
EYEUK033,Freddy Fresh,It's About The Groove,Eye Q Records,"12"", W/Lbl",,1998,2794500,Uncategorized,2017-12-27 12:14:27,,,
"F 019, 137 0019 30",Taho,Vertige EP,"F Communications, F Communications","12"", EP",,1995,80785,Uncategorized,2017-11-02 19:57:17,,,
FACT 14,The Durutti Column,The Return Of The Durutti Column,Factory,"LP, Album, RE, RP, Tex",,1980,1439885,Uncategorized,2018-08-27 17:21:23,,,
"Facus 2, FACUS 2",Joy Division,She's Lost Control / Atmosphere,"Factory (US), Factory (US)","12"", Single, RTI",,1980,387754,Uncategorized,2018-08-27 17:20:01,,,
FH12014,Mint Royale with Lauren Laverne,Don't Falter,Faith & Hope Records Limited,"12"", Single",,2000,481190,Uncategorized,2019-01-13 16:11:24,,,
CR00521,David Axelrod,Heavy Axe,Fantasy,"LP, Album, RE, 180",,2023,26339390,Uncategorized,2026-04-26 00:38:32,,,
"FX 115, 886 675-1",Lil' Louis,French Kiss,"FFRR, FFRR","12""",,1989,5973,Uncategorized,2019-01-13 14:55:14,,,
"FX 173, 869 577-1",Photon Inc. Featuring Paula Brion,Generate Power,"FFRR, FFRR","12""",,1991,112830,Uncategorized,2019-01-13 19:45:46,,,
"FXR 181, 869651.1",Orbital,Mutations,"FFRR, FFRR","12"", EP",,1992,48847,Uncategorized,2019-01-13 17:23:15,,,
FW230,Children Of Zeus,Balance,First Word Records,"2xLP, Album",,2021,19008409,Uncategorized,2024-07-16 15:12:34,,,
F7C-SKI-LP001,Mark Ski,Catch-REC,FiveSe7en Collective,"12"", Album",,2021,16373262,Uncategorized,2024-07-16 15:13:44,,,
FSV-001,Mark Ski,Play-Dioh: The Remix EP,FiveSe7en Music,"10"", EP, Ltd, Pic, 250",,2017,10708001,Uncategorized,2019-01-13 15:32:22,,,
"MELT LPR3, MELT LP3",Chuck Brown & The Soul Searchers,Live - D.C. Bumpin' Y'All,"Flame Records, Flame Records, Rhythm King",2xLP,,1987,4019706,Uncategorized,2017-10-21 15:33:47,,,
BDL1-0591,Lonnie Liston Smith And The Cosmic Echoes,Cosmic Funk,Flying Dutchman,"LP, Album, Ind",,1974,264077,Uncategorized,2019-01-13 15:08:22,,,
BDL1-0613,Gil Scott-Heron,The Revolution Will Not Be Televised,Flying Dutchman,"LP, Album, Comp, Gat",,1974,1067515,Uncategorized,2017-12-30 22:17:02,,,
FD-10154,Bernard Purdie,Soul Is... Pretty Purdie,Flying Dutchman,"LP, Album, Pre",,1972,617727,Uncategorized,2019-01-13 20:24:22,,,
"DOSX 2, 852 407-1",Definition Of Sound,Pass The Vibes (Sanchez / Todd Terry Remixes),"Fontana, Fontana","12""",,1995,89474,Uncategorized,2017-10-29 15:46:47,,,
"OLEX 9, 852 211-1",Oleta Adams,Never Knew Love,"Fontana, Fontana","12""",,1995,158642,Uncategorized,2017-10-21 13:25:49,,,
"DOSX 3, DOSX3, 852 629-1",Definition Of Sound,Child,"Fontana, Fontana, Fontana","12"", Single",,1996,131128,Uncategorized,2017-10-29 15:44:26,,,
FLO0002,Sault,5,Forever Living Originals,"LP, Album",,2019,14025860,Uncategorized,2024-07-16 07:06:13,,,
FC 105,Thelonious Monk,Evidence,France's Concert,"LP, Album",,1987,4067174,Uncategorized,2019-01-13 16:19:57,,,
none,My Second Head,Los Jack Machine (Soundtrack),Free Seeds Films,"LP, Lim",,2012,4018980,Uncategorized,2019-01-13 16:26:34,,,
"CHEMSTX1, 7243 8 92936 6 1",The Chemical Brothers,Leave Home,"Freestyle Dust, Virgin, Junior Boy's Own","12"", Single",,1995,17506,Uncategorized,2017-10-21 18:18:30,,,
12 FRS R1,M (2),Pop Muzik (Ben Liebrand Remix),Freestyle Records,"12""",,1989,333712,Uncategorized,2019-01-13 20:15:22,,,
FSR LP034,Lack Of Afro,Press On,Freestyle Records (2),"LP, Album",5,2007,1187898,Uncategorized,2018-10-06 17:59:23,,,
Fruit 014,Jark Prongo,K-ucci,Fresh Fruit Records,"12""",,1994,67379,Uncategorized,2017-12-27 12:10:03,,,
"LPRE-82016, LPRE 82016",Just-Ice,Masterpiece,"Fresh Records, Fresh Records","LP, Album",,1990,240169,Uncategorized,2018-08-27 17:22:50,,,
FTREE 6,NY's Finest / Victor Simonelli,Do You Feel Me,Fruittree Records,"12""",,1993,83601,Uncategorized,2017-12-27 12:16:02,,,
FTREE 8,Stories In Dubh Feat. Jacquee Bennett,Melody & Harmony - Chapter 3,Fruittree Records,"12""",,1993,401286,Uncategorized,2017-12-27 12:15:09,,,
GEE A4,Various,Gee Street (The Album),Gee Street,"LP, Comp",,1989,306492,Uncategorized,2017-12-27 15:32:51,,,
"GEEA 7, 510 276-1",P.M. Dawn,"Of The Heart, Of The Soul And Of The Cross: The Utopian Experience","Gee Street, Island Records","LP, Album, Gat",,1991,545500,Uncategorized,2019-01-13 20:13:02,,,
GEE A5,Queen Latifah,All Hail The Queen,"Gee Street, Tommy Boy","LP, Album",,1989,1162602,Uncategorized,2019-01-13 20:31:33,,,
"9 24302 1, 924 302.1, 9 24302 1-8",Joni Mitchell,Night Ride Home,"Geffen Records, Geffen Records, Geffen Records","LP, Album, Gat",,1991,1679782,Uncategorized,2019-01-13 16:16:59,,,
"K 99131, K99131, GHS 2001",John Lennon & Yoko Ono,Double Fantasy,"Geffen Records, Geffen Records, Geffen Records","LP, Album",,1980,459185,Uncategorized,2019-01-13 14:44:22,,,
"GEN 033T, 508.033.130",Mark B feat Tommy Evans,Move.. Now,"GENUINE, [PIAS] Recordings","12""",,2004,332199,Uncategorized,2019-01-13 15:31:15,,,
"GEN 030DLP, GEN 030DLP 508.0030.012, 508.0030.012",DJ Format,If You Can't Join 'Em... Beat 'Em,"Genuine, Genuine, Play It Again Sam [PIAS], Play It Again Sam [PIAS]","2xLP, Album",,2005,466020,Uncategorized,2017-12-27 12:02:05,,,
GET 8015,Curtis Mayfield,Sweet Exorcist,Get Back,"LP, Album, RE, Gat",,2002,2111119,Uncategorized,2019-01-13 15:41:37,,,
B0005032-01,Common,Be (Instrumentals),"Getting Out Our Dreams, Geffen Records","2xLP, Album, Ltd",,2005,503501,Uncategorized,2017-10-26 16:44:26,,,
GLOB 007,The League Of Chubby Gentlemen,Do Y'Wanna Dance,Global Grooves,"12""",,1994,101279,Uncategorized,2017-12-30 22:48:00,,,
828 522-1,Portishead,Dummy,Go! Beat,"LP, Album",,1994,22840,Uncategorized,2019-01-13 20:19:08,,,
"GODXR 39, GOD XR 39",Beats International,Dub Be Good To Me (Remixes),"Go! Beat, Go! Beat","12"", Single",,1990,420754,Uncategorized,2017-10-21 14:59:33,,,
GODX 33,Norman Cook,Won't Talk About It / Blame It On The Bassline,Go! Discs,"12""",,1989,103479,Uncategorized,2017-10-26 16:46:23,,,
Dust 001,Goldie Lookin Chain,Roller Disco / Nan Jam,Gold Dust Gramophonics,"12""",,2002,313209,Uncategorized,2017-12-30 22:44:04,,,
GYRL-310CD,DJ Premier,Golden Years Reloaded,Golden Years,"CD, Comp, Unofficial",,2004,2378833,Uncategorized,2019-01-13 20:21:20,,,
none,Bibow Posse,Live Inna Dance Hall Style,Gorgon Records,"LP, Album",,1983,3073820,Uncategorized,2017-10-21 15:06:17,,,
R1 79460,Bernie Worrell,Funk Of Ages,Gramavision,"LP, Album",4,1990,1456127,Uncategorized,2026-04-26 02:58:53,,,
GL 011,W.W.W.,Clocking / Logan,Grand Larceny,"12""",,1996,357779,Uncategorized,2017-12-30 22:25:53,,,
"10cl 726, 7 2438 8 1734 0 7",Beastie Boys,Sure Shot,"Grand Royal, Capitol Records, Grand Royal, Capitol Records","10""",,1994,487971,Uncategorized,2017-10-21 14:23:03,,,
GRED 480,Beenie Man & Silver Cat (2),Chronic,Greensleeves Records,"12""",,1995,1617048,Uncategorized,2017-10-21 15:00:35,,,
GRP LP 101,Prince Charles And The City Beat Band,Gang War,Greyhound Record Productions,"LP, Album",,1983,206693,Uncategorized,2019-01-13 20:24:54,,,
"GRRR 66Z, GRRR 66 Z",Tenth Chapter,Prologue (The Atlas Remixes),"Guerilla, Guerilla","12""",,1994,96185,Uncategorized,2017-12-30 22:37:11,,,
HMA 205,The New Temperance Seven,The New Temperance Seven,Hallmark Marble Arch,LP,,0,3248679,Uncategorized,2019-01-13 16:50:59,,,
SHM 694,Bill Haley And His Comets,Bill Haley On Stage,Hallmark Records,"LP, Album",,0,915261,Uncategorized,2018-01-01 12:30:31,,,
SHM 791,Jimi Hendrix With Curtis Knight,The Wild One...,Hallmark Records,"LP, Comp",,1972,1345477,Uncategorized,2018-01-01 13:27:15,,,
Q4SHVL 781,Pink Floyd,Atom Heart Mother,Harvest,"LP, Album, Quad, RE, SQ",,0,7167042,Uncategorized,2019-01-13 20:02:32,,,
SHDW 403,Pink Floyd,A Nice Pair,Harvest,"2xLP, Comp, Gar",,1973,4949502,Uncategorized,2019-01-13 20:03:46,,,
SHSP 4020,Pink Floyd,Obscured By Clouds,Harvest,"LP, Album, RE",,0,6991462,Uncategorized,2019-01-13 20:07:37,,,
SHVL 795,Pink Floyd,Meddle,Harvest,"LP, Album, RE, Gat",,1974,8078788,Uncategorized,2019-01-13 19:59:57,,,
SHVL 814,Pink Floyd,Wish You Were Here,Harvest,"LP, Album",,1975,4608009,Uncategorized,2019-01-13 20:06:07,,,
"SHDW 404, 0C 192-50 350/1",Syd Barrett,Syd Barrett,"Harvest, Harvest","2xLP, Comp, RE, Gat",,0,1334194,Uncategorized,2019-01-13 20:05:10,,,
"SHVL 804, 1E 064 o 05249",Pink Floyd,The Dark Side Of The Moon,"Harvest, Harvest","LP, Album, Gat",,1973,1873013,Uncategorized,2019-01-13 19:51:19,Very Good Plus (VG+),Good Plus (G+),
"SHVL 815, 0C 064-98 434",Pink Floyd,Animals,"Harvest, Harvest","LP, Album, Gat",,1977,391322,Uncategorized,2019-01-13 19:58:20,,,
"SHDW 1/2, 1E 054 ○ 04222, 1E 054 ○ 04223",Pink Floyd,Ummagumma,"Harvest, Harvest, Harvest","2xLP, Album, Sid",,1969,1645802,Uncategorized,2019-01-13 20:01:34,,,
"HVN156X, HVN 156X",The Magic Numbers,"I See You, You See Me","Heavenly, Heavenly","7"", Ltd, 1/2",,2006,634845,Uncategorized,2018-08-27 17:30:38,,,
HS172,Furious George,"The Adventures Of ""Furious"" George",Henry Street Music,"12""",,1995,41210,Uncategorized,2017-12-27 15:23:28,,,
JOX.34-36,Winston Churchill,This Was Their Finest Hour,His Master's Voice,"3xShellac, 12"", S/Sided",,1940,9359802,Uncategorized,2017-10-26 16:52:43,,,
MEX 034,Aspects,My Genre,Hombré,"12""",,2001,372301,Uncategorized,2017-10-21 13:46:00,,,
12 HOTH 1,"Parliament, Funkadelic & P-Funk All Stars",Follow The Leader,Hot Hands,"12"", Single",,1995,759536,Uncategorized,2019-01-13 17:41:55,,,
HPY 012,R-Type / Ant-Head Norris,Love Is Blind / Heaven,Hyper Records,"12""",,1994,181425,Uncategorized,2018-07-01 11:13:41,,,
657793 6,Limbomaniacs,Shake It,In-Effect,"12""",,1992,346580,Uncategorized,2019-01-13 14:57:07,,,
ISOM 17T,DeeJay Punk-Roc,Far Out,Independiente,"12"", Single",,1998,28208,Uncategorized,2017-10-29 15:39:00,,,
ID 032T,Duck & Cover Disco,Something For Your Mind,Indochina,"12""",,1995,1950120,Uncategorized,2018-07-01 22:01:53,,,
ID006T,Monica De Luxe,Don't Let This Feeling Stop / Soul Inspiration,Indochina,"12""",,1994,1027057,Uncategorized,2018-07-01 22:00:12,,,
ID011T,Hoodoo,Un-Square Dance,Indochina,"12""",,1994,86089,Uncategorized,2018-07-01 21:59:40,,,
ID015 T,Arc In The Sky (2),Dex Shalini,Indochina,"12""",,1994,918582,Uncategorized,2018-07-01 22:00:41,,,
ID018T,Philadelphia Bluntz,Dum Dum Dum,Indochina,"12""",,1994,119213,Uncategorized,2018-07-01 21:59:07,,,
infect 8 tx,Golden Claw Musics,Digging The Dancing Weed,Infectious Records,"10"", Ora",,1994,218875,Uncategorized,2019-01-13 17:27:57,,,
0062.501,Dobie Gray,Midnight Diamond,Infinity Records (2),"LP, Album",,1978,1495319,Uncategorized,2017-12-30 22:35:48,,,
INFT 111,Spyro Gyra,Morning Dance,Infinity Records (2),"12"", Single, Ltd",,1979,412057,Uncategorized,2017-12-30 22:41:05,,,
ITL 001,DJ Infinity,Zone 6 / Eternal,Intellect Recordings,"12""",,1994,387362,Uncategorized,2018-07-01 22:09:42,,,
liarxdj 19,Orbital,Are We Here?,Internal,"12""",,1994,98182,Uncategorized,2019-01-13 17:24:03,,,
"LIARX 12, 857423.1",Orbital,Peel Session,"Internal, Internal","12"", EP",,1994,100202,Uncategorized,2019-01-13 17:27:27,,,
"LIARX15, 857 707.1",Orbital,Are We Here?,"Internal, Internal","12"", Single",,1994,21222,Uncategorized,2019-01-13 17:26:51,,,
"LIAXR7, 857239.1",Orbital,Lush 3,"Internal, Internal","12"", Single",,1993,76127,Uncategorized,2019-01-13 17:19:13,,,
9809383,Eminem,Business,"Interscope Records, Aftermath Entertainment, Shady Records, Web Entertainment","12""",,2003,404261,Uncategorized,2017-11-02 19:43:14,,,
7567-92233-1,Dr. Dre,The Chronic,"Interscope Records, Atlantic, Priority Records, EastWest Records America","LP, Album",,1992,321364,Uncategorized,2017-10-29 16:15:30,,,
1764104,Portishead,Third,Island Records,"2xLP, Album",,2008,1320059,Uncategorized,2019-01-13 20:19:38,,,
25 058 XCT,Free,The Free Story,Island Records,"2xLP, Comp, RE",,1983,1197055,Uncategorized,2017-12-27 12:09:04,,,
25821 XOT,Bob Marley & The Wailers,Kaya,Island Records,"LP, Album",,1978,2887342,Uncategorized,2019-01-13 15:36:09,,,
2758997,PJ Harvey,Let England Shake,Island Records,"LP, Album",,2011,2709851,Uncategorized,2018-01-01 13:03:15,,,
HELP 1,"Emerson, Lake & Palmer",Pictures At An Exhibition,Island Records,"LP, Album, Gat",,1971,7329433,Uncategorized,2017-11-02 19:40:50,,,
ILPS 9308,King Crimson,Red,Island Records,"LP, Album",,1974,702337,Uncategorized,2017-10-21 18:27:21,,,
ILPS 9498,Bob Marley & The Wailers,Exodus,Island Records,"LP, Album, Emb",,1977,525689,Uncategorized,2019-01-13 15:34:33,,,
ILPS 9650,Linton Kwesi Johnson,LKJ In Dub,Island Records,"LP, Album, RE",,1981,1336605,Uncategorized,2019-01-13 15:00:06,,,
ILPS-9202,Various,The Harder They Come (Original Soundtrack Recording),Island Records,"LP, Album, Comp, Gat",,1972,551103,Uncategorized,2017-10-28 11:51:57,,,
ISLD 11,Bob Marley & The Wailers,Babylon By Bus,Island Records,"2xLP, Album",,1978,594683,Uncategorized,2019-01-13 15:35:18,,,
"ILPS 9130, ILPS-9130",Fairport Convention,Full House,"Island Records, Island Records","LP, Album, Pin",,1970,1734063,Uncategorized,2017-11-02 19:59:08,,,
"ORBLP1, 524013-1",The Orb,Pomme Fritz,"Island Records, Island Records, Inter-Modo","LP, MiniAlbum",,1994,135762,Uncategorized,2019-01-13 17:19:56,,,
"12 IS 807, 063 961-1",DJ Shadow,Six Days,"Island Records, Mo Wax, Island Records Group","12"", Single",,2002,60688,Uncategorized,2017-10-21 13:22:10,,,
JAM 015,Gene Harris,Nature's Way,Jam (15),"LP, Album",,1984,1169319,Uncategorized,2018-01-01 13:05:33,,,
JLS 3054,Cymande,Second Time Round,Janus Records,"LP, Album, Gat",,1973,411522,Uncategorized,2017-10-28 12:02:19,,,
JSL 10,George McCrae,George McCrae,Jay Boy,"LP, Album",,1975,673743,Uncategorized,2019-01-13 15:44:14,,,
"JFR 025, JFR025",Killa Kela,Heavy Artillery,"Jazz Fudge, Jazz Fudge","12"", Ora",5,2000,126904,Uncategorized,2018-10-06 17:40:26,,,
PIASR290LP,De La Soul 's Plug 1 & Plug 2 Present... First Serve,First Serve,"Jesgrew Records, [PIAS] Recordings","2xLP, Album, Gat",,2012,3536286,Uncategorized,2017-10-29 15:57:09,,,
01241-41529-1,Shaquille O'Neal,Shaq Diesel,Jive,"LP, Album",,1993,589849,Uncategorized,2019-01-13 17:15:53,,,
JIVE T 151,Glenn Jones,We've Only Just Begun (The Romance Is Not Over),Jive,"12"", Single",,1987,365675,Uncategorized,2018-08-27 17:16:10,,,
JIVE T 340,KRS-One,Outta Here,Jive,"12""",,1993,538428,Uncategorized,2018-10-06 17:56:21,,,
JIVE T 360,Shaquille O'Neal,Shoot Pass Slam,Jive,"12""",,1993,228897,Uncategorized,2019-01-13 17:16:24,,,
JOS 4010,The Meters,The Meters,Josie,"LP, Album, RE, 180",,2008,1453681,Uncategorized,2019-01-13 16:04:26,,,
"JOS 4012, ETH 4012LP",The Meters,Struttin',"Josie, 8th Records","LP, Album, RE",,2017,10963615,Uncategorized,2019-01-13 16:05:16,,,
"12 TOT 5, 12TOT 5",Aftershock (3),Fade To Grey,"Jumpin' & Pumpin', Jumpin' & Pumpin'","12""",,1990,118680,Uncategorized,2017-10-21 13:29:11,,,
12 JUS 005,Metta Bhavna Featuring The Supreme Court,Everytime,Justice Records (3),"2x12""",,1995,767259,Uncategorized,2018-08-27 17:27:23,,,
NE 1281,Randy Crawford,The Greatest Hits,K-Tel,"LP, Comp",,1984,1949004,Uncategorized,2017-10-21 18:23:18,,,
ONE 1452,Various,Can U Feel It? - The Champion Legend,K-Tel,"2xLP, Comp, Mixed",,1990,442004,Uncategorized,2018-02-03 18:25:56,,,
DLP 7981,Darts,The Amazing Darts,"K-Tel, Magnet (2)","LP, Comp, Gat",,1978,1563332,Uncategorized,2017-10-21 13:37:49,,,
"KS 1127, KS-1127, KING 1127",James Brown,Super Bad,"King Records (3), King Records (3), King Records (3)","LP, Album, Bla",,1971,1376983,Uncategorized,2017-10-21 15:36:51,,,
KMS DJ 10,Darlene Lewis,Lift You Up,KMS,"12"", W/Lbl",,1994,484624,Uncategorized,2019-01-13 14:48:04,,,
KS EP 212,G.M.P.,Ganxta Mai-Dae Productions,Kold Sweat,"12"", EP",,1993,370839,Uncategorized,2017-12-27 15:30:33,,,
KDLP 2,Omar,There's Nothing Like This,Kongo Dance,"LP, Album",,1990,883074,Uncategorized,2019-01-13 17:12:19,,,
TW 002,Andy Roberts,Hey Get Up,Kult Hardware,"12""",,1997,578674,Uncategorized,2019-09-29 18:31:28,,,
82876 75266 1,OutKast,Idlewild,"LaFace Records, Zomba Label Group","3xLP, Album",,2006,783690,Uncategorized,2019-01-13 17:28:28,,,
LEWISLP001,Edan,Primitive Plus,Lewis Recordings,"2xLP, Album",,2002,383250,Uncategorized,2017-10-30 21:49:21,,,
LEX026,Non-Prophets,Damage,Lex Records,"12"", Single",,2004,303915,Uncategorized,2017-10-29 16:08:06,,,
LEX036LP,Danger Doom,The Mouse And The Mask,Lex Records,"2xLP, Album",,2005,554724,Uncategorized,2017-10-29 15:36:11,,,
LEX082LP,JJ DOOM,Key To The Kuffs,Lex Records,"2xLP, Album",,2012,3807301,Uncategorized,2017-10-29 16:09:13,,,
LBS 83223,The Aynsley Dunbar Retaliation,Retaliation,Liberty,"LP, Album",,1969,3003916,Uncategorized,2017-10-21 14:01:27,,,
"LBS 83177, LBS 83177E",The Aynsley Dunbar Retaliation,Doctor Dunbar's Prescription,"Liberty, Liberty","LP, Album",,1968,3859466,Uncategorized,2017-10-21 13:59:45,,,
"DOLE Q16, DOLEQ 16",Maestro Fresh-Wes,Let Your Backbone Slide,"Lisson Records, Lisson Records","12""",,1990,839844,Uncategorized,2019-01-13 15:17:12,,,
SHU 8509,Ray Charles,True To Life,London Records,"LP, Album",,1977,3553830,Uncategorized,2017-10-21 18:15:45,,,
SL 3001/1-2,Jimi Hendrix Featuring Curtis Knight,In Memoriam Jimi Hendrix,London Records,"2xLP, Comp, Num, Promo, Gat",,1970,5987744,Uncategorized,2018-01-01 13:34:59,,,
"LONX 104, 886 076-1",Run-DMC,Walk This Way,"London Records (3), London Records (3)","12"", Single, Unofficial",,0,6226910,Uncategorized,2019-09-29 19:12:15,,,
"LONX 104, 886 076-1",Run-DMC,Walk This Way,"London Records (3), London Records (3)","12"", Single, Unofficial",,0,6226910,Uncategorized,2019-09-29 19:12:22,,,
820 140-1,The Rolling Stones,Hot Rocks - The Greatest Hits 1964-1971,"London Records, ABKCO","2xLP, Comp, RM",,1990,4315260,Uncategorized,2019-09-29 18:35:57,,,
"LONX 163, 886 227-1",Run-DMC,Christmas In Hollis,"London Records, London Records","12""",,1987,153592,Uncategorized,2019-09-29 19:11:36,,,
"LONX 163, 886 227-1",Run-DMC,Christmas In Hollis,"London Records, London Records","12""",,1987,153592,Uncategorized,2019-09-29 19:11:43,,,
"XR-111, XR111",Professor Griff And The Last Asiatic Disciples,Pawns In The Game,"Luke SkyyWalker Records, Luke Skyywalker Records","LP, Album",,1990,1078562,Uncategorized,2019-01-13 20:33:27,,,
LHLP064,Mike James Kirkland / Mike & The Censations,Don't Sell Your Soul,Luv N' Haight,"2xLP, Comp, Ltd",,2011,3219801,Uncategorized,2018-10-06 17:51:25,,,
"MRC-LP-1057, MRC-LP 1057",N.W.A. And The Posse,N.W.A. And The Posse,"Macola Record Co., Macola Record Co.","LP, Comp",,1987,246729,Uncategorized,2019-01-13 16:41:25,,,
FFR002,G Force & De Oxman,Cappashot / Bubble Up,Made In London,"12""",,1995,353140,Uncategorized,2017-12-30 22:16:11,,,
ST53005,Merc And Monk,Merc And Monk,Manhattan Records,"LP, Album",,1985,1791737,Uncategorized,2019-01-13 16:20:25,,,
MAL 629,The Hamburg Students' Choir,Hark! The Herald Angels Sing,Marble Arch,"LP, Album, RE",,0,6646178,Uncategorized,2018-01-01 13:02:23,,,
MALS 716 ,The Kinks,Sunny Afternoon,Marble Arch,"LP, Comp",,1967,11523443,Uncategorized,2018-10-06 17:48:08,,,
MAW 016,Masters At Work,La India Con La Voe (Viva Puerto Rico),MAW Records,"12""",,1997,20146,Uncategorized,2019-01-13 15:40:52,,,
MCA 10329,Gladys Knight,Good Woman,MCA Records,"LP, Album",,1991,2414452,Uncategorized,2018-10-06 17:51:57,,,
MCA 4048,The Crusaders,Street Life,MCA Records,"LP, Album",,1979,1216942,Uncategorized,2017-10-28 12:00:04,,,
MCA 5677,Cheech & Chong,Get Out Of My Room,MCA Records,"LP, Album",,1985,2543313,Uncategorized,2017-10-21 18:17:57,,,
MCA-24003,Bell Biv Devoe,Poison (Extended Version),MCA Records,"12"", Single",,1990,164673,Uncategorized,2017-10-21 15:04:31,,,
MCAT 1310,Bobby Brown,Don't Be Cruel,MCA Records,"12"", Single",,1989,199093,Uncategorized,2017-10-21 15:32:29,,,
MCAT 1400,Adamski,Killer,MCA Records,"12"", Single",,1990,71230,Uncategorized,2017-10-21 13:26:31,,,
MCAX 1400,Adamski,Killeremix,MCA Records,"12""",,1990,159124,Uncategorized,2017-10-21 13:26:50,,,
MCAX 949,Harold Faltermeyer,Axel F (The M & M Mix),MCA Records,"12"", Single",,1984,109023,Uncategorized,2017-10-21 13:56:33,,,
MCG 6078,Adamski,Liveandirect,MCA Records,"LP, Album",,1989,57607,Uncategorized,2017-10-21 13:27:19,,,
MCAT 1288,Kraze,The Party,"MCA Records, Big Beat","12""",,1988,72038,Uncategorized,2018-10-06 17:55:56,,,
"MCST 2038, mcst 2038",Ebony Vibe Everlasting,Good Life,"MCA Records, Gasoline Alley","12""",,1995,512037,Uncategorized,2017-11-02 19:53:14,,,
"MCA-414, MCA414",Martha Reeves,Martha Reeves,"MCA Records, MCA Records","LP, Album, Pin",,1974,1133537,Uncategorized,2019-09-29 18:17:25,,,
"YOUT 1, YOU(T) 1",Musical Youth,"Pass The Dutchie (Special 12"" Club Version)","MCA Records, MCA Records","12""",,1982,366562,Uncategorized,2019-01-13 16:24:58,,,
MCST 2039,Jodeci,Cry For You,"MCA Records, Uptown Records","12""",,1994,882566,Uncategorized,2018-08-27 17:15:18,,,
LP-MMG043,Oddisee,Tangible Dream,Mello Music Group,"LP, Album, Ltd, Sil",,2014,5287464,Uncategorized,2019-01-13 17:03:49,,,
MHZ1201,Meon,1st EP,Meon Heightz,"12""",,1997,577975,Uncategorized,2019-01-13 16:02:39,,,
6672 015,Rush,All The World's A Stage,Mercury,"2xLP, Album",,1976,1856102,Uncategorized,2019-09-29 19:16:48,,,
814 401-1,J.J. Cale,La Femme De Mon Pote (Extraits De La Bande Originale Du Film),Mercury,"LP, Album, Comp",,1983,1003740,Uncategorized,2018-08-27 17:14:22,,,
846 668-1,INXS,X,Mercury,"LP, Album, W/Lbl",,1990,4956774,Uncategorized,2018-07-01 22:11:33,,,
848 368-1,Black Sheep,A Wolf In Sheep's Clothing,Mercury,"LP, Album",,1991,4235951,Uncategorized,2017-10-21 15:10:43,,,
870 992-1,Kurtis Blow,Only The Strong Survive / Still On The Scene,Mercury,"12""",,1988,488100,Uncategorized,2018-10-06 17:58:09,,,
"9104 001, 9104.001",Rod Stewart,Smiler,"Mercury, Mercury","LP, Album, Gat",,1974,1644663,Uncategorized,2019-09-29 18:34:44,,,
"MERX 417, 856 339-1",Black Sheep,Without A Doubt,"Mercury, Mercury","12""",,1994,1157989,Uncategorized,2017-10-21 15:10:20,,,
"MERX 434, 856 957-1",Black Box,Not Anyone,"Mercury, Mercury","12""",,1995,167911,Uncategorized,2017-10-21 15:07:18,,,
B0029704-01,Parliament,Chocolate City,"Mercury, UMe","LP, Album, Ltd, Pic, RE",,2019,13808807,Uncategorized,2024-07-16 14:55:14,,,
R1 79035,Black Uhuru,Iron Storm,Mesa (2),LP,,1991,1401254,Uncategorized,2017-10-21 15:11:07,,,
MF1104,MF Doom,Operation: Doomsday,Metal Face,"Box, RE, Tin + 2xLP, Album, RM + 2xLP, Comp",,2011,3029842,Uncategorized,2017-10-29 16:10:40,,,
MR1501,"George Clinton, Parliament, Funkadelic",Chocolate City: London | P-Funk Live At Metropolis,Metropolis Recordings,"Box, RSD + LP, Album, 200 + LP, Album, 200 + 2xCD,",,2015,6941313,Uncategorized,2019-01-13 17:46:37,,,
"SE-4484, SE 4484, E/SE-4484",Eric Burdon & The Animals,Winds Of Change,"MGM Records, MGM Records, MGM Records","LP, Album, Gat",,1967,2583699,Uncategorized,2017-10-21 13:38:29,,,
MIDDLE 4 LP,Various,Dubnology - Journeys Into Outer Bass,Middle Earth Recordings,"4xLP, Comp",,1995,178457,Uncategorized,2017-10-29 16:21:27,,,
MW079,Attica Blues,3ree (A Means To Be),Mo Wax,"12""",,1997,79311,Uncategorized,2017-10-21 13:46:57,,,
MW082LP,Various,Major Force - The Original Art-Form,Mo Wax,"5xLP, Comp + Box",,1997,71325,Uncategorized,2019-01-13 15:20:28,,,
"MW046LP, 540 530-1",Dr. Octagon,Dr. Octagon,"Mo Wax, Mo Wax","3xLP, Album",,1996,97037,Uncategorized,2017-10-29 16:15:43,,,
"MW028, 540 547-2, 540 547-1",UNKLE,The Time Has Come E.P.,"Mo Wax, Mo Wax, Mo Wax","2x12"", EP, RP",,1996,1089356,Uncategorized,2024-07-16 15:18:14,,,
"ML001, ML 001",Loving Awareness,Loving Awareness,"More Love Records, More Love Records","LP, Album",,1976,1996620,Uncategorized,2017-10-21 16:37:24,,,
"ML001, ML 001",Loving Awareness,Loving Awareness,"More Love Records, More Love Records","LP, Album",,1976,1996620,Uncategorized,2018-08-27 17:28:23,,,
"ML001, ML 001",Loving Awareness,Loving Awareness,"More Love Records, More Love Records","LP, Album",,1976,1996620,Uncategorized,2018-08-27 17:28:27,,,
"ML001, ML 001",Loving Awareness,Loving Awareness,"More Love Records, More Love Records","LP, Album",,1976,1996620,Uncategorized,2018-08-27 17:28:30,,,
"ML001, ML 001",Loving Awareness,Loving Awareness,"More Love Records, More Love Records","LP, Album",,1976,1996620,Uncategorized,2018-08-27 17:28:35,,,
M9-794A3,The Supremes,Anthology,Motown,"3xLP, Comp",,1974,10364321,Uncategorized,2019-09-29 18:53:30,,,
M9-794A3,The Supremes,Anthology,Motown,"3xLP, Comp",,1974,10364321,Uncategorized,2019-09-29 18:53:35,,,
TMGT 1312,Gary Byrd & The G.B. Experience,The Crown,Motown,"12"", Single",,1983,145710,Uncategorized,2017-10-21 15:42:32,,,
ZL72132(2),Various,The Motown 20th Anniversary Album,Motown,"2xLP, Comp, RE",,0,1255975,Uncategorized,2019-01-13 16:23:57,,,
"ZT42878, ZT 42878",Public Enemy,Fight The Power,"Motown, Motown","12"", Single",,1989,119160,Uncategorized,2019-01-13 20:34:42,,,
"MS 675, MS675, S-675",Four Tops,Four Tops Now!,"Motown, Motown, Motown","LP, Album",,1969,2028464,Uncategorized,2017-11-04 19:22:17,,,
MFP 1151,Pee Wee Hunt And His Orchestra,12th Street Rag,Music For Pleasure,"LP, Mono",,0,3422864,Uncategorized,2018-07-01 11:12:58,,,
MFP 1174,Eddie Dunstedter At The Console With The Jingle Bells Orchestra,A White Christmas,Music For Pleasure,"LP, Album, Mono, RE",,0,5427826,Uncategorized,2017-10-29 16:23:00,,,
MFP 1318,The Torero Band,Lennon & McCartney Tijuana Style,Music For Pleasure,LP,,1969,1253340,Uncategorized,2019-01-13 14:45:35,,,
MFP 50071,Electric Coconut,Go Moog!,Music For Pleasure,LP,,1973,4675627,Uncategorized,2018-01-01 12:23:41,,,
MFP 50291,The Supremes,Stop! In The Name Of Love,Music For Pleasure,"LP, Comp",,1976,1513609,Uncategorized,2019-09-29 18:50:35,,,
MFP 50291,The Supremes,Stop! In The Name Of Love,Music For Pleasure,"LP, Comp",,1976,1513609,Uncategorized,2019-09-29 18:54:43,,,
MFP 50296,Pat Boone,The Best Of Pat Boone,Music For Pleasure,"LP, Comp",,1976,1243487,Uncategorized,2019-01-13 17:47:41,,,
MFP 50493,The Mamas & The Papas,20 Greatest Hits,Music For Pleasure,"LP, Comp",,1980,1352223,Uncategorized,2019-01-13 15:22:08,,,
MFP 50506,The Beatles,Rock 'N' Roll Music Vol. 1,Music For Pleasure,"LP, Comp",,1980,1426013,Uncategorized,2017-10-21 14:55:10,,,
MFP 50507,The Beatles,Rock 'N' Roll Music Vol. 2,Music For Pleasure,"LP, Comp",,1980,777879,Uncategorized,2017-10-21 14:55:32,,,
MFP 5278,Jimi Hendrix,What'd I Say,Music For Pleasure,"LP, RP, Lam",,1972,3726334,Uncategorized,2018-01-01 13:25:09,,,
"MFP STEREO 2134, MFP 2134",Gustav Holst - Leopold Stokowski Conducting Los Angeles Philharmonic Orchestra,The Planets,"Music For Pleasure, Music For Pleasure",LP,,0,1097236,Uncategorized,2018-02-03 18:20:06,,,
SPR 90001,The Supremes,Baby Love,"Music For Pleasure, Sounds Superb, Tamla Motown","LP, Comp, EMI",,1973,793710,Uncategorized,2019-09-29 18:55:30,,,
MI 71005,Cult Status,The Question,Music Institute Records,"12"", Pur",,1994,674010,Uncategorized,2017-10-21 18:35:05,,,
DUKE 1,MC Duke & DJ Leader 1,Organised Rhyme,Music Of Life,"LP, Album",,1989,199199,Uncategorized,2017-10-29 16:22:35,,,
MOMIX 2,Simon Harris,"Beats, Breaks & Scratches Volume 2",Music Of Life,LP,,1988,102855,Uncategorized,2017-10-21 15:29:10,,,
NOTE 069,Daddy Freddy,Pain Killa,Music Of Life,"12""",,1994,506084,Uncategorized,2017-10-29 15:49:04,,,
STARMIX 2,Simon Harris,Stretchbreaks Volume One,Music Of Life,LP,,1991,231632,Uncategorized,2017-10-21 15:28:01,,,
MOVLP159,Various,The Masters Series Funk,Music On Vinyl,"2xLP, Comp, 180",,2010,2591089,Uncategorized,2017-12-27 15:14:42,,,
MOVLP655,Bob James,One,Music On Vinyl,"LP, Album, RE, 180",,2013,5033787,Uncategorized,2018-10-07 15:00:52,,,
MOVLP1465,Terry Callier,What Color Is Love,"Music On Vinyl, Verve Records, Cadet","LP, Album, RE, RM, 180",,2015,7120703,Uncategorized,2017-10-21 18:01:03,,,
DESTROY1201,Goldie Lookin Chain,Half Man Half Machine / Self Suicide,Must... Destroy!!,"12""",,2004,252108,Uncategorized,2017-12-30 22:19:49,,,
12MUTE140,Nick Cave & The Bad Seeds,Straight To You / Jack The Ripper,Mute,"12"", Single",,1992,1349787,Uncategorized,2017-10-21 18:12:49,,,
MKTLP1,Various,Paroxysm Vol. 1,"Mute, Black Market Records (4)","LP, Comp",,1991,93636,Uncategorized,2019-01-13 17:47:12,,,
my010,Jim Noir,Tower Of Love,My Dad Recordings,"LP, Album, Pur",,2005,649256,Uncategorized,2019-01-13 16:48:16,,,
"MY011T, 5051011-5469-0-7",Jim Noir,Eanie Meany (Fatboy Slim Remix),"My Dad Recordings, Atlantic","12"", Pic",,2006,767206,Uncategorized,2018-08-27 17:13:20,,,
NSD 135,Pete Rock,NY's Finest,Nature Sounds,"2xLP, Album, RE + 7""",,2013,6287923,Uncategorized,2019-01-13 19:39:09,,,
K 50101,Stanley Clarke,Stanley Clarke,Nemperor Records,"LP, Album",,0,393168,Uncategorized,2017-10-26 16:55:37,,,
9119 001,Black Sabbath,Sabotage,NEMS,"LP, Album",,1975,1197031,Uncategorized,2017-10-21 15:09:13,,,
"BS 001, BS001",Black Sabbath,Live At Last...,"Nems, Nems","LP, Album",,1980,1641405,Uncategorized,2017-10-21 15:09:43,,,
NET 1202,The Last Skeptik,Wordsearch / Prior To The Present,Netgroove,"12""",,2004,723523,Uncategorized,2018-10-06 18:00:06,,,
NWKBBT8,Marc Kinchen / Forgemasters,Network Retro #8 - Back 2 Back Classics,Network Records,"12"", Ltd, RM, Cle",,1993,50137,Uncategorized,2019-01-13 16:54:15,,,
NWKT70,Various,"Elixir Vitae E.P. - Prelude-2-Dance (12"" Edition)",Network Records,"12"", EP",,1993,120368,Uncategorized,2019-09-29 18:14:58,,,
ZEN 12122,The Herbaliser Featuring Blade (3) & Phi-Life Cypher,Time To Build / Distinguished Jamaican English,Ninja Tune,"12"", Single",,2002,441618,Uncategorized,2018-01-01 13:36:30,,,
ZEN 1258R,Coldcut,More Beats + Pieces,Ninja Tune,"12""",,1997,24791,Uncategorized,2017-10-21 18:41:07,,,
ZEN 1265 X,Coldcut & Hexstatic,Timber,Ninja Tune,"12"", Single, Num, Promo",,1998,66851,Uncategorized,2017-10-21 18:41:46,,,
ZEN 1282,Dynamic Syncopation,Ground Zero,Ninja Tune,"12""",,1999,31117,Uncategorized,2017-10-29 16:27:33,,,
ZEN 18,The Herbaliser,Remedies,Ninja Tune,"2xLP, Album",,1995,30947,Uncategorized,2018-01-01 13:35:25,,,
ZEN 57,Funki Porcini,Fast Asleep,Ninja Tune,"2xLP, Album",,2002,52051,Uncategorized,2017-12-27 15:22:03,,,
ZEN1296,Dynamic Syncopation,Dedicated,Ninja Tune,"12""",,2000,139561,Uncategorized,2017-10-29 16:26:59,,,
ZEN142,Daedelus,Love To Make Music To,Ninja Tune,"2xLP, Album, Ltd, 180",,2008,1378277,Uncategorized,2017-10-28 12:05:49,,,
ZEN169,Daedelus,Bespoke,Ninja Tune,"2xLP, Album, Ltd",,2011,2861081,Uncategorized,2017-10-28 12:07:26,,,
"zen 1248, ZEN 1248",Coldcut,Atomic Moog 2000 / Boot The System,"Ninja Tune, Ninja Tune","2x12"", Single",,1997,54355,Uncategorized,2017-10-21 18:42:08,,,
"zen 21/3, zen 21/4",DJ Food,Refried Food Pts. 3 And 4,"Ninja Tune, Ninja Tune","2x12""",,1996,23194,Uncategorized,2017-11-04 19:20:30,,,
none,Eric Delaney Band,Skin Ed Goes Skin Deep,Norwood Records (2),"LP, Album",,1980,2846173,Uncategorized,2017-10-29 15:47:15,,,
GO-1,Nightcrawlers,Don't Let The Feeling Go (Dubs),Not On Label,"12"", W/Lbl, Sta",,0,603397,Uncategorized,2019-01-13 16:49:14,,,
RS001,Ghostface Killah,Daytona 500,Not On Label,"12"", S/Sided, Unofficial",,0,418828,Uncategorized,2017-12-30 22:42:10,,,
BB-SV-5,Beastie Boys,Beastie Show Breaks,Not On Label (Beastie Boys),"LP, RE, Unofficial",,2003,538402,Uncategorized,2017-10-21 14:27:20,,,
DM016257,Danger Mouse,The Grey Album,Not On Label (Danger Mouse),"LP, Album, Promo, Unofficial",,2004,651575,Uncategorized,2017-10-29 15:34:54,,,
none,Danger Mouse & Jay-Z,The Grey Album,Not On Label (Danger Mouse),"2xLP, Album, Unofficial, W/Lbl",,2004,316913,Uncategorized,2017-10-29 15:35:32,,,
none,De La Soul,///Art Official Intelligence: Mosaic Thump,Not On Label (De La Soul),"CD, Album, Unofficial",,2000,9139287,Uncategorized,2017-10-29 15:58:55,,,
RBV-10,DJ Premier,Unreleased Instrumentals Vol.10,Not On Label (DJ Premier),"LP, Unofficial",,2005,1532876,Uncategorized,2019-01-13 20:20:41,,,
RBV-10,DJ Premier,Unreleased Instrumentals Vol.10,Not On Label (DJ Premier),"LP, Unofficial",,2005,1532876,Uncategorized,2019-01-13 20:20:44,,,
LPGANGDJ 008,Gang Starr,Full Clip: A Decade Of Gang Starr (DJ Promo) (The Mix Tape),Not On Label (Gang Starr),"2xLP, Mixed, Unofficial",,2001,1829078,Uncategorized,2017-12-27 15:24:59,,,
L12NoMu35,Robotman,Do Da Doo (Remixes),NovaMute,"12""",,1994,33769,Uncategorized,2019-09-29 18:33:55,,,
"NA 5112, none",J Rocc,Enjoyed The Experience,"Now-Again Records, Sinecure Books","12""",,2013,5190361,Uncategorized,2018-08-27 17:23:57,,,
nrknod01,Nick Holder,Sampler 01,NRK Sound Division,"12"", Ltd, Smplr",,2003,175553,Uncategorized,2018-02-03 16:48:47,,,
OG 9825,Giorgio Moroder With Philip Oakey,Together In Electric Dreams / Goodbye Bad Times,Old Gold (2),"7"", Single",,1988,6738301,Uncategorized,2019-01-13 17:04:46,,,
OM 006 LP,Various,Deep Concentration,OM Records,"2xLP, Comp",,1997,936576,Uncategorized,2017-10-29 15:51:11,,,
90557-1,Rose Royce,Fresh Cut,Omni Records,"LP, Album, SP",,1986,1265324,Uncategorized,2019-09-29 18:47:48,,,
ON-U LP 84,Dub Syndicate,Ital Breakfast,On-U Sound,"LP, Album",,1996,1419881,Uncategorized,2017-10-29 16:19:24,,,
"ON-U DP 35, ON-U DP35",Audio Active,Happy Shopper In Europe EP,"On-U Sound, Beat Records, On-U Sound, Beat Records","12"", EP",,1995,852026,Uncategorized,2017-10-21 13:47:49,,,
OPH 002,Opaz,Oh My Goodniss Anutha Dope Jam,Opaz Records,"12"", Ltd",,1994,1521937,Uncategorized,2019-01-13 17:17:13,,,
OTHER 110,Beach Flea,F For Fake,Other,"10"", Single",,1995,59670,Uncategorized,2017-10-21 14:19:01,,,
FOOT 15X,Moby,Go (Mixes),"Outer Rhythm, Instinct Records","12"", Bla",,1991,38809,Uncategorized,2019-01-13 16:17:40,,,
OZON 15,On A High,Hot,Ozone Recordings,"12""",,1991,323173,Uncategorized,2019-01-13 17:29:50,,,
PAP 015,Paper Music,Issue #2,Paper Recordings,"12""",,1997,60931,Uncategorized,2019-01-13 17:31:49,,,
PCS 3042,The Beatles,Please Please Me,Parlophone,"LP, Album, RE",,1974,1270602,Uncategorized,2017-10-21 14:49:59,,,
PCS 3071,The Beatles,Help!,Parlophone,"LP, Album, MT ",,1965,367452,Uncategorized,2017-10-21 14:44:26,,,
PCS 7027,The Beatles,Sgt. Pepper's Lonely Hearts Club Band,Parlophone,"LP, Album",,1967,1111731,Uncategorized,2017-10-21 14:36:39,,,
PMC 1206,The Beatles,With The Beatles,Parlophone,"LP, Album, Mono, 'Do",,1963,8317363,Uncategorized,2017-10-21 14:45:08,,,
PMC 1230,The Beatles,A Hard Day's Night,Parlophone,"LP, Album, Mono, Gar",,1964,649306,Uncategorized,2017-10-21 14:38:15,,,
PMC 1240,The Beatles,Beatles For Sale,Parlophone,"LP, Album, Mono, Gat",,1964,651143,Uncategorized,2017-10-21 14:35:15,,,
PMC 1267,The Beatles,Rubber Soul,Parlophone,"LP, Album, Mono, RP, 2nd",,1965,4419753,Uncategorized,2017-10-21 14:39:15,,,
07243 873838 1 4,Gorillaz,Demon Days,Parlophone (2),"LP, Blu + LP, Gre + Album, Unofficial, Gat",,2015,11040352,Uncategorized,2017-12-30 22:21:04,,,
"PCTC 255, 0C 066 - 06 243",The Beatles,Magical Mystery Tour,"Parlophone, Parlophone","LP, Comp, RE",,1976,433983,Uncategorized,2017-10-21 14:54:15,,,
PJ001,J Dilla,Anthem / Trucks,Pay Jay Productions,"12"", Cle",,2013,4484544,Uncategorized,2018-08-27 17:10:45,,,
697-124-119-1,Jeru The Damaja,Wrath Of The Math,"Payday, FFRR","2xLP, Album",,1996,235863,Uncategorized,2018-08-27 16:57:35,,,
59392E,Funk By Funk,The Tutoritool: Interactive Turntablist Tutorial Vinyl Tool,Pedestrian,"2xLP, Album, Num, S/Edition",,2004,4232188,Uncategorized,2019-01-13 19:32:57,,,
59392E,Funk By Funk,The Tutoritool: Interactive Turntablist Tutorial Vinyl Tool,Pedestrian,"2xLP, Album, Num, S/Edition",,2004,4232188,Uncategorized,2019-01-13 19:33:02,,,
59392E,Funk By Funk,The Tutoritool: Interactive Turntablist Tutorial Vinyl Tool,Pedestrian,"2xLP, Album, Num, S/Edition",,2004,4232188,Uncategorized,2019-01-13 19:34:56,,,
59392E,Funk By Funk,The Tutoritool: Interactive Turntablist Tutorial Vinyl Tool,Pedestrian,"2xLP, Album, Num, S/Edition",,2004,4232188,Uncategorized,2019-01-13 19:35:00,,,
59392E,Funk By Funk,The Tutoritool: Interactive Turntablist Tutorial Vinyl Tool,Pedestrian,"2xLP, Album, Num, S/Edition",,2004,4232188,Uncategorized,2019-01-13 19:35:03,,,
59392E,Funk By Funk,The Tutoritool: Interactive Turntablist Tutorial Vinyl Tool,Pedestrian,"2xLP, Album, Num, S/Edition",,2004,4232188,Uncategorized,2019-01-13 19:35:05,,,
PED-TT-02,Funk By Funk,The Tutoritool (2nd Edition),Pedestrian,"2xLP, Album",,2008,6851667,Uncategorized,2019-01-13 19:33:39,,,
PENDLP7001,The Beatnuts,Milk Me,Penalty Recordings,"2xLP, Album, Whi",,2004,328443,Uncategorized,2017-10-21 14:57:33,,,
"PE 5601, 2391 034",The J.B.'s,Food For Thought,"People (8), People (8)","LP, Album, Promo",,1972,3573175,Uncategorized,2017-10-21 15:36:16,,,
"PE 6604, 2391-161",Fred & The New J.B.'s,Breakin' Bread,"People (8), People (8)","LP, Album, Mon",,1974,550580,Uncategorized,2018-08-27 17:08:32,,,
"PE 5602, 2391 044",Lyn Collins,Think (About It),"People (8), Polydor","LP, Album, RE",,0,1684712,Uncategorized,2017-10-26 16:41:03,,,
82876 560341,Kinobe,Party Animals,Pepper Records,"12"", EP",,2003,227909,Uncategorized,2018-10-06 17:51:04,,,
PJMS0065,Freddy Fresh,Boricua House Party,Peppermint Jam,"12"", Promo",,2002,2803014,Uncategorized,2017-12-27 12:12:45,,,
PT 44886,Carl Cox,I Want You (Forever),Perfecto,"12""",,1991,115742,Uncategorized,2017-10-26 16:45:44,,,
PESKI030,Gwenno,Y Dydd Olaf,Peski,"LP, Album",,2014,6400743,Uncategorized,2018-01-01 12:28:36,,,
410 483-1,"Ludwig van Beethoven - Sir Colin Davis, Arthur Grumiaux, Concertgebouworkest","Violin Concerto In D, Opus 61",Philips,"LP, RE",,1983,5589379,Uncategorized,2017-10-21 15:01:44,,,
6369 917,Bell + Arc,Bell + Arc,Philips,"LP, Album, Gat",,1971,2162297,Uncategorized,2017-10-21 15:03:51,,,
844.534 PY,Mahapurush Misra,Rythmes De L'Inde,Philips,LP,,0,4841803,Uncategorized,2019-01-13 15:17:56,,,
9500 425,"Gustav Holst - Concertgebouworkest, Sir Neville Marriner",The Planets,Philips,LP,,1978,4249360,Uncategorized,2018-02-03 18:20:44,,,
SPL.100,Winston Churchill,I Can Hear It Now,Philips,LP,,0,2784555,Uncategorized,2017-10-26 16:53:28,,,
"6370 213, 6370 213 D",Love Unlimited,In Heat,"Philips, Philips","LP, Album",,1974,3655038,Uncategorized,2019-01-13 15:10:16,,,
PHX 1020,Jimi Hendrix,Moods,"Phoenix Records (5), Phoenix 10","LP, RE",,1982,2543264,Uncategorized,2018-01-01 13:26:34,,,
SPC-3386,Martha Reeves & The Vandellas,Dancing In The Street!,Pickwick,"LP, Comp",,1974,934611,Uncategorized,2019-01-13 15:37:57,,,
SHM 927,Billy Connolly,Billy Connolly,Pickwick Records,"LP, Comp",,1977,2502440,Uncategorized,2017-10-26 16:45:01,,,
SHM 942,Elton John,Elton John Live 17-11-70,Pickwick Records,"LP, Album, RE, EMI",,1977,1418563,Uncategorized,2017-11-02 19:36:21,,,
SPC-3300,The Tribes,Bangla Desh,Pickwick/33 Records,"LP, Album, Kee",,1972,1414271,Uncategorized,2018-01-01 13:07:03,,,
PS-87-015,Bobby McFerrin,Spontaneous Inventions,Pioneer Artists Signature,"Laserdisc, 12"", S/Sided, Album, NTSC, CLV",,1986,2870624,Uncategorized,2019-01-13 15:52:57,,,
ZIQ209,Mary Anne Hobbs,Evangeline,Planet Mu,"4x12"", Comp",,2008,1369855,Uncategorized,2019-01-13 15:38:26,,,
FAKE 1 T,The High Fidelity,Addicted To A T.V.,Plastique Recordings,"12"", S/Sided, Etch",,1997,1727100,Uncategorized,2018-01-07 13:22:21,,,
499.2150.012,Peanut Butter Wolf,Chrome Children,Play It Again Sam [PIAS],"2xLP, Comp",,2006,798021,Uncategorized,2017-10-21 18:36:35,,,
065 110-1,Ms. Dynamite,A Little Deeper,Polydor,"2xLP, Album",,2002,123589,Uncategorized,2017-10-29 16:28:32,,,
184 002,Cole Porter / George Gershwin,Favorite Composers Vol.1,Polydor,LP,,0,8001265,Uncategorized,2019-01-13 20:17:59,,,
2302 020,Jimi Hendrix,War Heroes,Polydor,"LP, Album",,1972,1855443,Uncategorized,2018-01-01 13:20:57,,,
2302-067,King Crimson,USA,Polydor,"LP, Album, RP",,0,4115611,Uncategorized,2017-10-21 18:28:26,,,
2391 087,The J.B.'s,Doing It To Death,Polydor,"LP, Album",,1973,1876391,Uncategorized,2018-08-27 17:07:56,,,
2391 164,James Brown,Reality,Polydor,"LP, Album",,1974,1236813,Uncategorized,2017-10-21 15:40:53,,,
2391 197,James Brown,Everybody's Doin' The Hustle & Dead On The Double Bump,Polydor,LP,,1975,1360935,Uncategorized,2017-10-21 15:40:31,,,
2391 258,James Brown,Bodyheat,Polydor,"LP, Album",,1977,932447,Uncategorized,2024-07-16 06:26:41,,,
2442 118,Focus (2),At The Rainbow,Polydor,"LP, Album, Tri",,1973,4315954,Uncategorized,2017-11-02 20:13:52,,,
2480 005,Jimi Hendrix,Band Of Gypsys,Polydor,"LP, Album, RE",,0,2698548,Uncategorized,2018-01-01 13:33:30,,,
2659 016,Focus (2),Focus 3,Polydor,"2xLP, Album",,1972,2007669,Uncategorized,2017-11-04 19:19:35,,,
2659 036,James Brown,Hell,Polydor,"2xLP, Album",,1974,877363,Uncategorized,2017-10-21 15:38:36,,,
422-821 919-1 Y-1,Various,Breakin' - Original Motion Picture Soundtrack,Polydor,"LP, Comp, 72 ",,1984,125777,Uncategorized,2017-10-21 15:29:50,,,
583 053,Cream (2),Goodbye,Polydor,"LP, Album, Gat",,1969,1344975,Uncategorized,2017-10-28 11:57:31,,,
583 768,James Brown,It's A Mother,Polydor,"LP, Album",,1969,4366854,Uncategorized,2017-10-21 15:39:20,,,
829 239-1,The Cure,Standing On A Beach - The Singles,Polydor,"LP, Comp, Gat",,1986,2152806,Uncategorized,2017-10-26 16:49:30,,,
833 004-1,The Jimi Hendrix Experience,Live At Winterland,Polydor,"2xLP, Album",,1987,845183,Uncategorized,2018-01-01 13:17:14,,,
ACB 00219,The Jimi Hendrix Experience,Smash Hits,Polydor,"LP, Comp, Club, RE",,0,1418289,Uncategorized,2018-01-01 13:16:15,,,
PD 826,James Brown,Live At The Apollo,Polydor,"LP, Album, Ltd, RE, Red",,0,3570831,Uncategorized,2017-10-21 15:35:42,,,
POLD 5042,Ian Dury,Lord Upminster,Polydor,"LP, Album",,1981,2115326,Uncategorized,2018-07-01 21:51:50,,,
PZDJ 107,Bee Gees,You Should Be Dancing,Polydor,"12"", Promo",,1990,225156,Uncategorized,2017-10-21 14:59:58,,,
SWITC/1/2,Howie B.,Switch,Polydor,"2x12"", Promo",,1997,454750,Uncategorized,2018-02-03 18:26:57,,,
"987 289-0, 987 298-0",Ian Brown,The Greatest,"Polydor, Fiction Records","2xLP, Comp",,2005,1051499,Uncategorized,2017-10-21 15:34:41,,,
2310 418,Roy Wood,Mustard,"Polydor, Jet Records","LP, Album",,1975,3472587,Uncategorized,2019-01-13 16:25:35,,,
"2310 301, 2310-301",Jimi Hendrix,Loose Ends …,"Polydor, Polydor","LP, Album",,1974,1762622,Uncategorized,2018-01-01 13:18:39,,,
"583 059, 583059",Blind Faith (2),Blind Faith,"Polydor, Polydor","LP, Album, Gat",,1969,391938,Uncategorized,2017-10-21 15:11:58,,,
"873 855-1, PZ 71",Jimi Hendrix,Crosstown Traffic,"Polydor, Polydor","12""",,1990,430746,Uncategorized,2018-01-01 13:16:52,,,
"PD-1-6070, 2391 227",Roy Ayers Ubiquity,Everybody Loves The Sunshine,"Polydor, Polydor","LP, Album, PRC",,1976,2802007,Uncategorized,2017-10-21 13:58:18,,,
"PD-1-6179, 2391 380",Roy Ayers / Wayne Henderson,Step In To Our Life,"Polydor, Polydor","LP, Album",,1978,664580,Uncategorized,2017-10-21 13:57:13,,,
"POLD 5075, 2383 658",The Jam,Dig The New Breed,"Polydor, Polydor","LP, Album, Die",,1982,403175,Uncategorized,2018-07-01 22:21:19,,,
"PD 6014, PD-6014, 245 2004, 2452 004",James Brown,Black Caesar (Original Soundtrack),"Polydor, Polydor, Polydor, Polydor","LP, Album, All",,1973,3772605,Uncategorized,2017-10-21 15:39:53,,,
PRL D 654,D-Train,Music,Prelude Records,"12""",,1983,216129,Uncategorized,2017-10-29 16:19:00,,,
ERECD 001,Various,The Acid Mixes Vol. 1,Premiere UK,"CD, Comp",,1988,172887,Uncategorized,2017-10-21 13:25:22,,,
"PTYST 103, 7243 8 92893 6 7",Dr. Dre / Mack 10,Keep Their Heads Ringin' / Take A Hit,"Priority Records, Virgin","12""",,1995,1100108,Uncategorized,2017-10-29 16:11:22,,,
"209646, 209 646",Various,Some Music Is Private Music,"Private Music, BMG Ariola España, Private Music","LP, Comp",,1989,8327030,Uncategorized,2019-01-13 20:27:11,,,
PVLP 1011,Mud,It's Better Than Working,Private Stock,"LP, Album",,1976,2917210,Uncategorized,2019-01-13 16:24:31,,,
"SPB 1060, SPB.1060",Ray Charles,A Message From The People,"Probe, Probe","LP, Album",,1972,3016465,Uncategorized,2017-10-21 18:16:24,,,
BLG 069,Ruff II Rugged,X-Tra Player E.P.,Production House,"12"", EP",,1994,315495,Uncategorized,2019-09-29 19:11:00,,,
PRO-1217,Run-DMC,Raising Hell,Profile Records,"LP, Album, Pur",,1986,1864023,Uncategorized,2019-09-29 19:14:36,,,
PROFT 446,Special Ed,Lyrics,Profile Records,"12""",,1995,968994,Uncategorized,2019-01-13 20:30:33,,,
PRM 20321,D.A.M.N.,Da Soul's Da Rebel,Provogue,"12"", Maxi",,1992,479599,Uncategorized,2017-10-29 15:49:59,,,
FBLP 8074,Donovan,Colours,PRT,"LP, Comp",,1985,3296847,Uncategorized,2017-10-29 16:11:02,,,
"202 039, 202 039-241",The Kinks,Arthur Or The Decline And Fall Of The British Empire,"PRT, Pye Records","LP, Album, Mono, RE",,1981,2470094,Uncategorized,2018-10-06 17:46:49,,,
12 LOSEX 14,Sue Chaloner,I Wanna Thank You,Pulse-8 Records,"12""",,1991,354653,Uncategorized,2017-10-21 18:14:23,,,
PYE 12111,Jimmy James & The Vagabonds,You Don't Stand A Chance If You Can't Dance,Pye Records,"LP, Album",,1975,1726527,Uncategorized,2018-08-27 17:12:59,,,
PR012,Keltech,Fader Food Volume 1,Pyraplastic Recordings,"12""",5,2007,942366,Uncategorized,2018-10-06 17:41:33,,,
PR012,Keltech,Fader Food Volume 1,Pyraplastic Recordings,"12""",5,2007,942366,Uncategorized,2018-10-06 17:41:56,,,
RS LP1,Various,Order To Dance,R & S Records,"2x12"", Comp",,1991,34377,Uncategorized,2019-09-29 19:08:40,,,
RHR 3750,N.W.A.,Panic Zone,Rams Horn Records,"12""",,1988,99174,Uncategorized,2019-01-13 16:41:56,,,
RR0003 LP,Breakestra,The Live Mix Part 2,Rapster Records,"2xLP, Mixed",,2001,554943,Uncategorized,2017-10-21 15:25:54,,,
RR0032LP,Pete Rock,Soul Survivor II,"Rapster Records, BBE, Soul Brother Records (5)","2xLP, Album, Gat",,2004,294616,Uncategorized,2019-01-13 19:39:58,,,
RWK 1174,Pharoahe Monch,Internal Affairs (Instrumentals),Rawkus,2xLP,,1999,371002,Uncategorized,2019-01-13 19:44:11,,,
RWK-328,Pete Rock,Nothin' Lesser / Give It To Y'all,Rawkus,"12""",,2001,213126,Uncategorized,2019-01-13 19:41:17,,,
"RWK 205, RWK 205-1",Pharoahe Monch,Simon Says / Behind Closed Doors,"Rawkus, Rawkus","12""",,1999,180560,Uncategorized,2019-01-13 19:42:57,,,
74321208531,Omar,For Pleasure,RCA,"LP, Album",,1994,1898658,Uncategorized,2019-01-13 17:13:37,,,
82876-86851-1,Christina Aguilera,Ain't No Other Man,RCA,"12"", Single",,2006,726207,Uncategorized,2019-01-13 20:21:48,,,
APL1 0570,Harry Nilsson,Pussy Cats,RCA,"LP, Album, Gat",,1974,8547504,Uncategorized,2019-01-13 14:41:33,,,
NL 90070,Various,Rare (A Rare Collection Of Grooves),RCA,"LP, Comp",,1987,3535339,Uncategorized,2024-07-16 15:02:07,,,
PL71555,Eurythmics,Savage,RCA,"LP, Album, M/Print",,1987,9169726,Uncategorized,2017-11-02 19:50:51,,,
PT 40248,Eurythmics,There Must Be An Angel (Playing With My Heart),RCA,"12"", Single",,1985,466579,Uncategorized,2017-11-02 19:50:04,,,
PT 43182 DJ,Glen Goldsmith,One Life,RCA,"12"", Promo",,1989,7117471,Uncategorized,2017-12-30 22:53:39,,,
"INTS 5063, NL 13843",David Bowie,The Rise And Fall Of Ziggy Stardust And The Spiders From Mars,"RCA International, RCA International","LP, Album, RE",,1980,369061,Uncategorized,2017-10-21 15:22:50,,,
"INTS 5162, NL 43798",Average White Band,Warmer Communications,"RCA International, RCA International","LP, Album, RE",,1981,5077083,Uncategorized,2017-10-21 13:53:37,,,
LSP-4852,David Bowie,Aladdin Sane,RCA Victor,"LP, Album, Ind",,1973,1139477,Uncategorized,2017-10-21 15:21:43,,,
SF 7946,José Feliciano,Feliciano!,RCA Victor,"LP, Album, RE",,1969,1156465,Uncategorized,2017-11-02 20:05:46,,,
"SF8434, SF 8434, BDL1 0934",Lonnie Liston Smith And The Cosmic Echoes,Expansions,"RCA Victor, RCA Victor, RCA Victor","LP, Album",,1975,12586896,Uncategorized,2019-01-13 14:33:56,,,
"VICS 1489, LSC 3125",Hans Wurman,"The Moog Strikes Bach… (To Say Nothing Of Chopin, Mozart, Rachmaninov, Paganini And Prokofiev)","RCA Victrola, RCA Victrola","LP, RE",,1973,2276579,Uncategorized,2019-01-13 16:22:56,,,
BWRT 36,Chad Jackson,Hear The Drummer (Get Wicked),"RCA, Big Wave (2)","12"", Single",,1990,11913185,Uncategorized,2019-01-13 14:50:20,,,
88875169851,Wu-Tang Clan,Enter The Wu-Tang (36 Chambers),"RCA, Loud Records, Sony Music, Legacy","LP, Album, RE, Pal",,2018,25744036,Uncategorized,2024-07-16 15:14:19,,,
74321208521,Leena Conquest And Hip Hop Finger,Boundaries,"RCA, Natural Response, BMG","12"", Single",,1994,694810,Uncategorized,2017-10-26 16:45:20,,,
"RCALP 6052, PL 13217",Average White Band,Cupid's In Fashion,"RCA, RCA","LP, Album",,1982,499669,Uncategorized,2017-10-21 13:55:17,,,
"RCAT 85, PC 2241",Odyssey (2),Going Back To My Roots,"RCA, RCA","12"", Single",,1981,83540,Uncategorized,2019-01-13 17:05:35,,,
RS 1055,David Bowie,ChangesOneBowie,"RCA, RCA Victor","LP, Comp, Ora",,1976,470914,Uncategorized,2017-10-21 15:22:21,,,
"APL1-1327, APLI-1327, APL1 1327",David Bowie,Station To Station,"RCA, RCA, RCA Victor","LP, Album",,1976,3538833,Uncategorized,2017-10-21 15:23:33,,,
88875 05655 1,D'Angelo And The Vanguard (3),Black Messiah,"RCA, Sony Music","2xLP, Album, Gat",,2015,6736271,Uncategorized,2024-07-16 15:19:48,,,
12 REACT 18,Fierce Ruling Diva,A Great Man Once Said... EP,React,"2x12"", EP",,1993,197488,Uncategorized,2017-11-02 20:07:12,,,
593001,Cream (2),Fresh Cream,Reaction,"LP, Album, Mono",,1966,4928202,Uncategorized,2017-10-21 18:24:20,,,
"593 003, 593003",Cream (2),Disraeli Gears,"Reaction, Reaction","LP, Album, Mono",,1967,1358659,Uncategorized,2020-01-31 09:59:18,,,
"SOHOT 24, SOHO(T) 24",Break Machine,Are You Ready (Special Re-mixed Version),"Record Shack Records, Record Shack Records","12""",,1984,146286,Uncategorized,2017-10-21 15:27:25,,,
RCL 6000,The Everyday People,The Everyday People,Red Coach Records,"LP, Album",,1972,720841,Uncategorized,2017-11-02 19:54:05,,,
REG 60,The Beta Band,Broke / Won,Regal,"12"", Single",,2001,104276,Uncategorized,2017-10-21 15:04:52,,,
"20 4782 6, 12RZ 4",Dr. Robert,A Simpler Place And Time,"Regal Zonophone, Regal Zonophone","12"", Single",,1992,423575,Uncategorized,2017-10-29 16:16:24,,,
88561-1208-1,Common,Resurrection,Relativity,"LP, Album, RP",,1997,9881149,Uncategorized,2017-10-26 16:43:49,,,
88561-1508-1,The Beatnuts,Stone Crazy,Relativity,"LP, Album",,1997,372437,Uncategorized,2017-10-21 14:58:50,,,
12RENK T63,M-Beat Featuring Jamiroquai,Do U Know Where You're Comin From,Renk Records,"12""",,1996,13170,Uncategorized,2018-07-01 22:24:14,,,
K44128,Joni Mitchell,Blue,Reprise Records,"LP, Album, RE, Tex",,1975,7397837,Uncategorized,2019-01-13 16:16:03,,,
K44242,The Meters,Cabbage Alley,Reprise Records,"LP, Album",,1972,2249699,Uncategorized,2019-01-13 16:03:38,,,
RSLP 6392,Gordon Lightfoot,If You Could Read My Mind,Reprise Records,"LP, RE",,1970,2409085,Uncategorized,2019-01-13 14:53:32,,,
"K 54081, K54081, MS 2253",The Stills-Young Band,Long May You Run,"Reprise Records, Reprise Records, Reprise Records","LP, Album",,1976,1970019,Uncategorized,2017-10-21 18:33:52,,,
W 9505T,Masta Ace,I Got Ta,"Reprise Records, WEA Records Ltd., Cold Chillin'","12"", Single",,1990,596865,Uncategorized,2019-01-13 15:40:09,,,
"LICMLP 036, LICMLP036",Metro,Journey Thru The N.Y. Underground,"Republic Records (2), Republic Records (2)","12"", EP",,1990,57944,Uncategorized,2019-01-13 16:05:47,,,
MIG 5,MC5,Do It,Revenge Records (2),"LP, Album",,1987,2156061,Uncategorized,2019-01-13 15:59:54,,,
"RX8804, RX 8804",A Guy Called Gerald,Voodoo Ray (Remix),"Rham!, Rham!","12"", Single",,1989,14006,Uncategorized,2018-01-01 12:25:15,,,
R1 524044,Curtis Mayfield,Superfly,"Rhino Records (2), Curtom","LP, Album, Ltd, RE, Ora",,2016,8906827,Uncategorized,2019-01-13 15:43:20,,,
"RSYN 1, 0777 7 87844 1 8",Ice-T,Home Invasion,"Rhyme $yndicate Records, Rhyme $yndicate Records","2xLP, Album",,1993,363324,Uncategorized,2018-07-01 21:52:52,,,
RS2009,Mr. Dibbs,Sucker Punch Breaks Volume 1,Rhymesayers Entertainment,"12""",,2003,268169,Uncategorized,2017-10-29 15:52:59,,,
RSE0051-1,MF Doom,MM..Food,Rhymesayers Entertainment,"2xLP, Album",,2004,356592,Uncategorized,2017-10-29 16:07:38,,,
MMAN 1TP,Man Machine,Man Machine,Rhythm King,"12"", Promo",,1989,172209,Uncategorized,2019-01-13 15:22:57,,,
RKP07,Rodney P,I Don't Care (Time To Party),Riddim Killa Records,"12""",,2004,352555,Uncategorized,2019-09-29 18:35:29,,,
RSN 105,Tanzmuzik,Love Light,Rising High Records,"12""",,1995,108790,Uncategorized,2019-09-29 18:22:07,,,
RSN 75,Rising High Collective,Liquid Thoughts,Rising High Records,"2x12""",,1994,65716,Uncategorized,2019-09-29 18:23:07,,,
RSN 98,Aerothrob,3 Bear Blues,Rising High Records,"12"", Promo, W/Lbl",,1994,1648792,Uncategorized,2017-10-21 13:28:17,,,
"RSN 85, RSN-85","Friends, Lovers & Family",Signals Of Decay / Signs Of Rebirth,"Rising High Records, Rising High Records","12"", W/Lbl",,1994,2039862,Uncategorized,2017-12-27 15:12:55,,,
"none, 7 90878-1",Ziggy Marley And The Melody Makers,Conscious Party,"Rita Marley Music, Virgin","LP, Album",,1988,9533327,Uncategorized,2019-01-13 15:36:39,,,
RR 2023-6,Jean Jacques Smoothie,Love & Evil,Roadrunner Records,"2x12""",,2002,98408,Uncategorized,2018-08-27 16:56:43,,,
7342144719-1,Jay-Z,Can't Knock The Hustle,Roc-A-Fella Records,"12""",,1996,5989481,Uncategorized,2018-07-01 22:25:09,,,
9885696,Kanye West,Gold Digger,Roc-A-Fella Records,"12"", Ltd, Pic, Gol",,2005,525519,Uncategorized,2018-10-06 17:39:31,,,
EXCUSEMEDJ2,Jay-Z,Excuse Me Miss Again,Roc-A-Fella Records,"12"", Promo",,2003,3072594,Uncategorized,2018-08-27 16:54:39,,,
TROOP 003,DJ Riot & MC Peanut,Herb / Flacidashback,Rogue Trooper,"12"", Ltd, Promo",,1994,395242,Uncategorized,2019-09-29 18:37:22,,,
"COC 89101, COC 2-9001",The Rolling Stones,Love You Live,"Rolling Stones Records, Rolling Stones Records","2xLP, Album",,1977,8897365,Uncategorized,2019-09-29 18:39:01,,,
RPL 2031,The Kinks,20 Golden Greats,"Ronco, Pye Records","LP, Comp, Mono",,1978,904041,Uncategorized,2018-10-06 17:47:27,,,
Rough 139,A.R. Kane,"""i""",Rough Trade,"2xLP, Album, RE",,1989,28154,Uncategorized,2018-08-27 17:18:33,,,
RTRADLP 223,Antony And The Johnsons,I Am A Bird Now,Rough Trade,"LP, Album",,2005,531359,Uncategorized,2017-10-21 13:38:56,,,
659303 6,The Goats,Aaah D Yaaa,"Ruffhouse Records, Columbia","12"", Single",,1992,67457,Uncategorized,2017-12-30 22:19:08,,,
"659690 6, 01-659690-20",Cypress Hill,I Ain't Goin' Out Like That,"Ruffhouse Records, Columbia","12"", Single, RP",,2000,9929675,Uncategorized,2017-10-28 12:02:45,,,
"662354 6, 01-662354-21",Cypress Hill,Throw Your Set In The Air,"Ruffhouse Records, Columbia","12""",,1995,2181604,Uncategorized,2017-10-28 12:03:06,,,
662905 6,Cypress Hill,Illusions,"Ruffhouse Records, Columbia, Buzz Tone Entertainment","12""",,1996,418080,Uncategorized,2017-10-28 12:03:35,,,
XLT 60 DJ,King Just,Warriors Drum,"Ruffness, XL Recordings","12"", Promo",4,1995,488340,Uncategorized,2018-10-06 17:45:54,,,
XLT 60 DJ,King Just,Warriors Drum,"Ruffness, XL Recordings","12"", Promo",4,1995,488340,Uncategorized,2018-10-06 17:46:17,,,
"SEEP025, SEEP025LP, SEEP25, 32ND MOVE",Wat Tyler,The Fat Of The Band,"Rugger Bugger Discs, Rugger Bugger Discs, Rugger Bugger Discs, Smoeff","LP, Album",,1999,2889077,Uncategorized,2019-01-13 20:27:57,,,
RAID 502,Various,"Breaks, Bass & Bleeps",Rumour Records,"2xLP, Comp",,1990,93637,Uncategorized,2017-10-21 15:28:20,,,
RUMAT 9,FPI Project,Rich In Paradise / Going Back To My Roots,Rumour Records,"12""",,1989,133462,Uncategorized,2017-11-04 19:22:47,,,
"RUMAT 18, rumat 18",Don Pablo's Animals,Venus,"Rumour Records, Rumour Records","12"", Single",,1990,94604,Uncategorized,2017-10-29 15:38:38,,,
BRLP 534,N.W.A.,Straight Outta Compton,"Ruthless Records, Priority Records, 4th & Broadway","LP, Album",,1989,81569,Uncategorized,2019-01-13 16:39:41,,,
"SL 57100, SL57100",Eazy-E,Eazy-Duz-It,"Ruthless Records, Priority Records, Ruthless Records, Priority Records","LP, Album",,1988,148960,Uncategorized,2019-01-13 16:43:44,,,
EROS 8097,Louis Armstrong and Duke Ellington,Satchmo And The Duke,"Saga (5), Saga Eros","LP, Comp",,1969,3824911,Uncategorized,2017-10-21 13:40:10,,,
ERO 8031,Charlie Parker,Vol 4 'Jazz At Massey Hall',Saga Eros,"LP, Album, RE",,1967,2570065,Uncategorized,2019-01-13 17:34:05,,,
EROS 8131,Count Basie,Count Basie,"Saga Eros, Saga (5)","LP, Album",,1969,3003104,Uncategorized,2017-10-21 14:08:36,,,
SAIN 1122D,Gwynne James,Gwynne James,Sain,"LP, Album",,1978,11089077,Uncategorized,2018-07-01 22:22:32,,,
SAIN 1352R,Tony Biggin,The Gates Of Greenham,Sain,"2xLP, Gat",,1986,2010564,Uncategorized,2017-12-27 15:31:51,,,
SANTW326,De La Soul,Shopping Bags (She Got From You),Sanctuary Urban,"12""",,2004,334088,Uncategorized,2017-10-29 15:57:45,,,
"0001, none",Keltech & Johnny B,The Name,"SBA Records, Columbia Music Publishing Ltd.","12"", Album",,2003,1894378,Uncategorized,2018-10-06 17:42:56,,,
SCLP 010,First Rate,Walky Talkyz,Scenario Records,"2xVinyl, Album",,2005,2370678,Uncategorized,2017-11-02 20:08:11,,,
TA 6701,James Brown,Living In America (R 'n' B Extended Mix),Scotti Bros. Records,"12"", Single",,1986,625674,Uncategorized,2017-10-21 15:34:11,,,
NEMLP 428,Cymande,Cymande,Sequel Records,"LP, Album, RE, Gat",,1999,2558137,Uncategorized,2017-10-28 12:01:11,,,
497 652-1,D12,Fight Music,"Shady Records, Interscope Records","12"", Single",,2001,1396129,Uncategorized,2017-10-29 15:48:06,,,
SW007-1,Metal Fingers,"Special Herbs 4, 5, 6","Shaman Work Recordings, Metal Face Records, Fat Beats","2xLP, Album, RE + 7""",,2004,326455,Uncategorized,2017-10-29 16:06:50,,,
"27 322, 913 284",J.J. Cale,Okie,"Shelter Records, Eurodisc","LP, Album, RE",,0,8283763,Uncategorized,2018-08-27 17:14:54,,,
SC 002,Minds In Transit,Vicious Cycle / Big Tings 'A' G'wan,Shocking Colour,"12""",,1995,1020419,Uncategorized,2019-01-13 16:10:36,,,
0-20711,Ice-T,Make It Funky,Sire,"12"", Maxi",,1987,213240,Uncategorized,2018-07-01 21:56:16,,,
SRK 3645,David Byrne,"Songs From ""The Catherine Wheel""",Sire,"LP, Album, Wes",,1981,236409,Uncategorized,2017-10-21 15:43:11,,,
W 2802 T,Ice-T,Lethal Weapon ,Sire,"12"", Single",,1989,378380,Uncategorized,2018-07-01 21:56:35,,,
"1-25765, 9 25765-1",Ice-T,Power,"Sire, Rhyme Syndicate Productions, Sire, Rhyme Syndicate Productions","LP, Album, Spe",,1988,152083,Uncategorized,2018-07-01 21:54:20,,,
"925765-1, 925 765-1",Ice-T,Power,"Sire, Sire, Rhyme $yndicate Records, Rhyme $yndicate Records","LP, Album, Emb",,1988,1133701,Uncategorized,2018-07-01 21:55:14,,,
"W 7574 (T), W7574TW, 921 197-0",Ice-T,High Rollers,"Sire, Sire, Sire","12""",,1989,303816,Uncategorized,2018-07-01 21:55:31,,,
"9 26028-1, 1-26028 ",Ice-T,The Iceberg (Freedom Of Speech... Just Watch What You Say),"Sire, Warner Bros. Records, Rhyme $yndicate Records","LP, Album",,1989,165639,Uncategorized,2018-07-01 21:53:53,,,
SIXT 122,Groove Corporation,Twist And Change,Six6,"12""",,1995,556163,Uncategorized,2017-12-30 22:36:21,,,
SixT123,Inner City,Ahnonghay,Six6,"12""",,1995,20874,Uncategorized,2018-07-01 22:10:49,,,
SixT124,Kaos,Freedom Of Choice,Six6,"2x12"", Ltd",,1995,68059,Uncategorized,2018-10-06 17:38:03,,,
SixT124,Kaos,Freedom Of Choice,Six6,"2x12"", Ltd",,1995,68059,Uncategorized,2018-10-06 17:38:28,,,
SGSH 2017378,Jimi Hendrix,Sky High,Skydog (2),"LP, Album, Unofficial",,1972,5289785,Uncategorized,2018-01-01 13:20:29,,,
SGSH 2017378,Jimi Hendrix,Sky High,Skydog (2),"LP, Album, Unofficial, Red",,1972,3380697,Uncategorized,2018-01-01 13:32:12,,,
"LASXP 36, 869 751-1",L7,Everglade,"Slash, London Records","12"", S/Sided, Single, Etch, Ltd, Num",,1992,405411,Uncategorized,2017-11-02 19:54:53,,,
SLX-31,Cash Money & Marvelous,Play It Kool / Ugly People Be Quiet,Sleeping Bag Records,"12"", Promo",,1987,2590168,Uncategorized,2017-10-21 18:12:22,,,
88697 27121 1,Mark Ronson Ft. Phantom Planet,Just,Sony BMG Music Entertainment,"10"", Ltd",,2008,1292893,Uncategorized,2019-09-29 18:45:38,,,
661321 6,Des'ree,You Gotta Be (Mixes),"Sony Soho Square, Dusted Sound Recordings","12""",,1995,397242,Uncategorized,2017-10-29 15:54:24,,,
SICBRK099,Ricci Rucker,The Utility Phonograph Record 3,Sound In Color,"12""",,2005,571920,Uncategorized,2019-09-29 19:09:45,,,
SPR 90006,Marvin Gaye,How Sweet It Is (To Be Loved By You),"Sounds Superb, Music For Pleasure","LP, Comp",,1973,1263934,Uncategorized,2017-12-27 15:37:41,,,
SPR 90002,Four Tops,I Can't Help Myself,"Sounds Superb, Music For Pleasure, Tamla Motown","LP, Comp",,1973,697458,Uncategorized,2017-11-04 19:21:41,,,
SOR-3234,Chuck Brown & The Soul Searchers,Funk Express,Source Records (4),"LP, Album",,1980,1121149,Uncategorized,2017-10-21 15:31:42,,,
"12 SOURCE 1, 12SOURCE 1",Chuck Brown & The Soul Searchers,Bustin' Loose (Parts 1 & 2),"Source Records (4), Source Records (4)","12"", Single",,1985,1165994,Uncategorized,2017-10-21 15:33:08,,,
"7243 8 44978 1 1, V 2848",AIR,Moon Safari,"Source, Virgin","LP, Album",,1998,2798033,Uncategorized,2017-10-21 13:29:54,,,
"SRS 5071, IE 048 o 04775",Pink Floyd,Relics,"Starline, Starline","LP, Comp, RP, Tex",,1975,7102022,Uncategorized,2019-01-13 19:56:26,,,
"SRS 5037, 1E 048 ◦ 91731",The Dave Clark Five,The Best Of The Dave Clark Five,"Starline, Starline, Regal, Regal","LP, Comp, RE, RP",,0,1544469,Uncategorized,2017-10-26 16:54:07,,,
"7243 5 35127 1 2, 535 1271",Minnie Riperton,Les Fleurs - The Minnie Riperton Anthology,"Stateside, EMI","2xLP, Comp",,2002,383980,Uncategorized,2019-09-29 18:21:25,,,
"7243 5 35127 1 2, 535 1271",Minnie Riperton,Les Fleurs - The Minnie Riperton Anthology,"Stateside, EMI","2xLP, Comp",,2002,383980,Uncategorized,2019-09-29 18:21:33,,,
2325-026,Isaac Hayes,...To Be Continued,Stax,"LP, Album",,1971,335032,Uncategorized,2018-01-01 13:09:21,,,
XATS 1005,Booker T & The MG's,Up Tight (Music From The Score Of The Motion Picture),Stax,"LP, Album, Mono",,1969,2056641,Uncategorized,2017-10-21 15:14:56,,,
"2659 007, 2659-007",Isaac Hayes,Shaft,"Stax, Stax","2xLP, Album, Gat",,1971,578024,Uncategorized,2018-01-01 13:09:59,,,
"STM 7003, OC 054-60 352",Isaac Hayes,The Isaac Hayes Chronicle,"Stax, Stax","LP, Album, Comp",,1978,2308070,Uncategorized,2018-01-01 13:08:42,,,
12BUY 50,Ian Dury And The Blockheads,Reasons To Be Cheerful (Part Three),Stiff Records,"12"", Single",,1979,194516,Uncategorized,2018-07-01 11:18:16,,,
HIT-TV1,Madness,Complete Madness,Stiff Records,"LP, Comp, CBS",,1982,370989,Uncategorized,2019-01-13 15:11:26,,,
SEEZ 14,Ian Dury And The Blockheads,Do It Yourself,Stiff Records,"LP, Album",,1979,4903841,Uncategorized,2018-07-01 21:48:56,,,
SEEZ 17,Madness,One Step Beyond...,Stiff Records,"LP, Album, M/Print",,1979,395329,Uncategorized,2019-01-13 15:11:57,,,
SEEZ 29,Madness,Absolutely,Stiff Records,"LP, Album, Alt",,1980,4037219,Uncategorized,2019-01-13 15:13:14,,,
SEEZ 46,Madness,The Rise & Fall,Stiff Records,"LP, Album",,1982,2541284,Uncategorized,2019-01-13 14:33:00,,,
"SEEZ4, SEEZ 4",Ian Dury,New Boots And Panties!!,"Stiff Records, Stiff Records","LP, Album, Ext",,1977,3735228,Uncategorized,2018-07-01 11:16:21,,,
JE 36104,Ian Dury And The Blockheads,Do It Yourself,Stiff-Epic,"LP, Album",,1979,1803127,Uncategorized,2018-07-01 21:50:56,,,
 STH2330,Homeboy Sandman,All That I Hold Dear,Stones Throw Records,"12"", EP",,2013,4863544,Uncategorized,2018-02-03 18:21:37,,,
STH 2004,The Turntablist,Super Duck Breaks ...The Saga Begins,Stones Throw Records,LP,,1996,7975290,Uncategorized,2024-07-16 15:21:28,,,
STH 2036,The Turntablist,Super Duper Duck Breaks,Stones Throw Records,LP,,2000,146316,Uncategorized,2024-07-16 15:16:36,,,
STH 2102,Madvillain,Four Tet Remixes,Stones Throw Records,"12"", EP",,2005,455631,Uncategorized,2019-01-13 15:14:20,,,
STH 2152,Various,Chrome Children Instrumentals,Stones Throw Records,"2xLP, Comp",,2007,1043332,Uncategorized,2017-10-21 18:21:30,,,
STH 2153,J Dilla,Ruff Draft,Stones Throw Records,"12"", EP, RE + 12"", S/Sided",,2007,934101,Uncategorized,2018-08-27 17:08:57,,,
STH 2159,J Dilla,Ruff Draft Instrumentals,Stones Throw Records,"12""",,2007,1069931,Uncategorized,2018-08-27 17:09:42,,,
STH2233,J Rocc,Some Cold Rock Stuf,Stones Throw Records,"2xLP, Album + LP, Mys",,2011,2808381,Uncategorized,2018-08-27 17:24:48,,,
STH2233,J Rocc,Some Cold Rock Stuf,Stones Throw Records,"2xLP, Album + LP, Mys",,2011,2808381,Uncategorized,2018-08-27 17:25:07,,,
STH2245,Aloe Blacc,Good Things,Stones Throw Records,"2xLP, Album",,2010,2455050,Uncategorized,2017-10-21 13:32:18,,,
STH2294,J Rocc,The Minimal Wave Tapes: J. Rocc Edits Volume 1,Stones Throw Records,"12""",,2012,3772345,Uncategorized,2018-08-27 17:23:11,,,
STH2294,J Rocc,The Minimal Wave Tapes: J. Rocc Edits Volume 1,Stones Throw Records,"12""",,2012,3772345,Uncategorized,2018-08-27 17:23:24,,,
STH2295,J Rocc,The Minimal Wave Tapes: J. Rocc Edits Volume 2,Stones Throw Records,"12""",,2012,3866548,Uncategorized,2018-08-27 17:23:37,,,
STH2301,Homeboy Sandman,First Of A Living Breed,Stones Throw Records,"2xLP, Album",,2012,3924292,Uncategorized,2018-02-03 18:22:03,,,
STH2319,Homeboy Sandman,Kool Herc: Fertile Crescent,Stones Throw Records,"12""",,2013,4572134,Uncategorized,2018-02-03 18:23:09,,,
STH2111,Oh No Featuring J Dilla & Roc 'C',Move Part 2,"Stones Throw Records, Fatbeats Records","12"", Single",,2005,794672,Uncategorized,2019-01-13 17:09:08,,,
ELCST 1002,Various,Street Sounds Crucial Electro 3,Street Sounds,"LP, Comp, Mixed",,1987,57770,Uncategorized,2017-11-02 19:32:17,,,
ELCST 11,Various,Street Sounds Hip Hop Electro 11,Street Sounds,"LP, Comp, Mixed",,1986,14662,Uncategorized,2017-11-02 19:31:35,,,
ELCST 5,Various,Street Sounds Electro 5,Street Sounds,"LP, Comp, Mixed",,1984,25796,Uncategorized,2017-11-02 19:30:53,,,
MKHAN 3,Barbara Mason,Another Man,Streetwave,"12"", Single, Dic",,1984,245802,Uncategorized,2019-01-13 15:39:01,,,
12 STR 47,Riviera Splash,I Love Paris 1 (Left Bank Mixes),Stress Records,"12""",,1994,618026,Uncategorized,2019-09-29 18:25:08,,,
STYRL 002,Various,Hard To Beat - Go-Go Volume One,Style Records,"LP, Comp",,1989,1634034,Uncategorized,2018-01-01 12:32:22,,,
STYRL 024,James Brown,Live!,Style Records,"LP, Album, RM",,1989,4547619,Uncategorized,2017-10-21 15:37:49,,,
SHL 118,Grandmaster Flash & The Furious Five,Scorpio,Sugar Hill Records,"12""",,1982,33031,Uncategorized,2017-12-30 22:32:01,,,
SHL 139,Grandmaster Melle Mel & The Furious Five,Step Off,Sugar Hill Records,"12""",,1984,20698,Uncategorized,2017-12-30 22:26:36,,,
SHLM 130,Grandmaster Flash & Melle Mel,Continuous White Lines,Sugar Hill Records,"12""",,1984,187009,Uncategorized,2017-12-30 22:28:34,,,
SHLP 5555,Grandmaster Melle Mel & The Furious Five,Stepping Off,Sugar Hill Records,"LP, Comp",,1985,186656,Uncategorized,2017-12-30 22:32:28,,,
SHL 141,Grandmaster Melle Mel & The Furious Five,Pump Me Up,"Sugar Hill Records, PRT","12""",,1985,183346,Uncategorized,2017-12-30 22:27:34,,,
SSP002,DJ Charm,Catalyst,Sugar Spliff,"12"", EP",,1996,586468,Uncategorized,2017-10-21 18:15:03,,,
ST-1022,C-Mon & Kypski,Static Traveller EP,Supertracks Records,"12"", EP",,2004,424423,Uncategorized,2017-10-28 11:54:50,,,
SUPET 139,Rob Base & DJ E-Z Rock,Get On The Dance Floor,Supreme Records (3),"12"", Promo",,1989,5589063,Uncategorized,2019-09-29 18:29:32,,,
TBU 26485,Alexander O'Neal,Alexander O'Neal,Tabu Records,"LP, Album",,1985,574025,Uncategorized,2019-01-13 17:15:11,,,
TLXX 25,Roni Size / Reprazent,Heroes,Talkin' Loud,"12""",,1997,87519,Uncategorized,2019-09-29 18:46:27,,,
9829598,Nuyorican Soul,I Am The Black Gold Of The Sun,Talkin' Loud Classics,"12"", EP",,2005,487623,Uncategorized,2019-01-13 16:46:11,,,
9829599,Roni Size,Brown Paper Bag,Talkin' Loud Classics,"12""",,2005,481837,Uncategorized,2019-09-29 18:47:17,,,
9830067,Omar,There's Nothing Like This,Talkin' Loud Classics,"12"", Comp",,2005,521206,Uncategorized,2019-01-13 17:14:22,,,
512 401-1,Omar,Music,"Talkin' Loud, Kongo Dance","LP, Album",,1992,1146132,Uncategorized,2019-01-13 17:12:55,,,
"866 897-1, TLKX 21",Incognito,Don't You Worry 'Bout A Thing,"Talkin' Loud, Talkin' Loud","12""",,1992,2310499,Uncategorized,2018-07-01 21:57:14,,,
"TLKX 42, 862 545-1",Incognito,Still A Friend Of Mine,"Talkin' Loud, Talkin' Loud","12""",,1993,152979,Uncategorized,2018-07-01 21:57:54,,,
"TLKX 56, 852 119-1",Incognito,I Hear Your Name,"Talkin' Loud, Talkin' Loud","12""",,1995,171977,Uncategorized,2018-07-01 21:56:55,,,
STMA 8013,Marvin Gaye,Let's Get It On,Tamla Motown,"LP, Album, Gat",,1973,4974445,Uncategorized,2017-12-27 15:38:59,,,
STML 11063,The Supremes,Greatest Hits,Tamla Motown,"LP, Comp, RP",,0,9356500,Uncategorized,2019-09-29 18:56:07,,,
"STMA 8013, OC 064 ○ 94755",Marvin Gaye,Let's Get It On,"Tamla Motown, Tamla Motown","LP, Album, Gat",,1973,1144126,Uncategorized,2017-12-27 15:38:26,,,
"STMS 5001, 0C 054-94 881",Diana Ross & Marvin Gaye,Diana & Marvin,"Tamla Motown, Tamla Motown","LP, Album, RE, Gat",,1981,1634268,Uncategorized,2019-09-29 18:56:58,,,
"T 322L, T-322L",Marvin Gaye,Trouble Man,"Tamla, Tamla","LP, Album, Hol",,1972,506443,Uncategorized,2017-12-27 15:36:29,,,
TPT 238,Skip Bifferty,Skip Bifferty,Tapestry Records,"LP, Album, Ltd, RE, Unofficial, 180",,2007,3149928,Uncategorized,2017-10-21 15:05:34,,,
JC 35594,Bob James,Touchdown,"Tappan Zee Records, Columbia","LP, Album, RP, San",,1978,716065,Uncategorized,2018-10-07 15:01:55,,,
PC 37495,Bob James,Sign Of The Times,"Tappan Zee Records, Columbia","LP, Album, RE",,0,3197491,Uncategorized,2026-04-26 00:54:35,,,
TC46-C,Tom Caruana,Inner Space,Tea Sea Records,"2xLP, Ltd, Red",,2019,13981262,Uncategorized,2024-07-16 14:52:54,,,
SLE 14 715-P,Klaus Wunderlich,Sound 2000 (Moog-Organ-Rhythm),Telefunken,"LP, Album",,1973,688662,Uncategorized,2019-01-13 16:22:16,,,
STAR 2427,Marvin Gaye,Love Songs,Telstar,"LP, Comp",,1990,1279554,Uncategorized,2017-12-27 15:34:20,,,
"STAR2373, STAR 2373",The Drifters And Ben E. King,The Very Best Of Ben E. King And The Drifters,"Telstar, Telstar","LP, Comp",,1990,2872634,Uncategorized,2017-10-29 16:18:20,,,
TMP 9013,Various,Children's Classics,Tempo (9),"LP, Gre",,1979,1151670,Uncategorized,2017-10-26 16:48:06,,,
PT 40698,Five Star,Can't Wait Another Minute,"Tent, RCA","12""",,1986,925422,Uncategorized,2017-11-02 20:08:38,,,
NB 33256-1,Curtis Mayfield,Honesty,The Boardwalk Entertainment Co,"LP, Album",,1982,6567792,Uncategorized,2019-01-13 15:43:46,,,
"12HW1, 12HW 1",Heatwave,Mind Blowing Decisions,"The Brothers Organisation, Telstar","12""",,1990,1975387,Uncategorized,2018-01-01 13:12:54,,,
DRP019LP,Fat Freddy's Drop,Blackbird,The Drop,"2xLP, Album",,2013,4684865,Uncategorized,2017-11-02 20:02:58,,,
"DRLP015, DRP015LP",Fat Freddy's Drop,Dr Boondigga & The Big BW,"The Drop, The Drop","2xLP, Album, Ltd",,2009,1792602,Uncategorized,2017-11-02 20:03:33,,,
TGOS003,The Groove Of Satyre,Dialogue And Random Phase II,The Groove Of Satyre,"12""",,2006,780090,Uncategorized,2017-10-29 15:53:50,,,
9103 500,Elton John,A Single Man,The Rocket Record Company,"LP, Album, Gat",,1978,1451581,Uncategorized,2017-11-02 19:38:27,,,
VF076,Christian Marclay,Groove,The Vinyl Factory,"12"", Ltd",,2013,4606416,Uncategorized,2019-01-13 15:30:23,,,
VF076,Christian Marclay,Groove,The Vinyl Factory,"12"", Ltd",,2013,4606416,Uncategorized,2019-01-13 15:30:23,,,
"VF149 Live 11, none",Günter Müller,Live At White Cube,"The Vinyl Factory, White Cube","LP, S/Sided, Ltd",,2015,7259338,Uncategorized,2019-01-13 15:26:06,,,
THS 7,The Moody Blues,Seventh Sojourn,Threshold (5),"LP, Album, TH ",,1972,8841512,Uncategorized,2019-01-13 16:21:04,,,
time 205-6,Funny Valentine,Praise The Music,Time Unlimited,"12""",,1994,158900,Uncategorized,2017-12-27 15:22:33,,,
DB/500 51,Jimi Hendrix,Collection,Time Wind,"2xLP, Comp",,0,5941855,Uncategorized,2018-01-01 13:32:54,,,
TBV 1149,De La Soul,Stakes Is High,Tommy Boy,"2xLP, Album",,1996,3183447,Uncategorized,2017-10-29 15:55:52,,,
TBV 2266,Paul Oakenfold Presents Afrika Bambaataa & Soulsonic Force,Planet Rock Remixes,Tommy Boy Silver Label,"12""",,2001,45127,Uncategorized,2017-10-21 14:05:48,,,
PURE 5,PJ Harvey,Dress,Too Pure,"12"", Single",,1991,367074,Uncategorized,2018-01-01 13:02:47,,,
PURE 8,PJ Harvey,Sheela-Na-Gig,Too Pure,"12""",,1992,633553,Uncategorized,2018-01-01 13:03:52,,,
MERX 114,The Gap Band,You Dropped A Bomb On Me,Total Experience Records,"12""",,1982,1593405,Uncategorized,2017-10-21 18:05:31,,,
2407 014,The Who,The Ox - Backtrack 14,Track Record,"LP, Comp, Mono",,1970,2913630,Uncategorized,2018-01-01 13:25:50,,,
2409 208,Various,Liquorice Allsorts,Track Record,"LP, Comp",,1973,1850384,Uncategorized,2017-10-21 13:31:35,,,
613008/9,The Jimi Hendrix Experience,Electric Ladyland,Track Record,"2xLP, Album, Blu",,1968,1715314,Uncategorized,2018-01-01 13:24:09,,,
DRXLP 702,The 45 King,Master Of The Game,"Trax Music, Dance Trax","LP, Album",,1989,102846,Uncategorized,2018-10-06 17:48:30,,,
DRXLP 702,The 45 King,Master Of The Game,"Trax Music, Dance Trax","LP, Album",,1989,102846,Uncategorized,2018-10-06 17:48:44,,,
TSLP-011,Lee Fields,Problems.,Truth & Soul,"LP, Album, RE",,2010,2454724,Uncategorized,2017-11-02 20:06:43,,,
URLP 178,Breakestra,Hit The Floor,Ubiquity,"2xLP, Album",,2005,654126,Uncategorized,2017-10-21 15:26:17,,,
URLP319,Soundsci,Soundsational,Ubiquity,"LP, Album",,2013,4827956,Uncategorized,2024-07-16 15:17:20,,,
"TOPP028T, MUTT 001T",HED,Reigndance,"Ultimate, Mutron","12""",,0,1187115,Uncategorized,2018-01-01 13:13:37,,,
UNC-001,Ollie Red-eye,Checkin' Da Cuts,Underground Classics,"12""",,1994,367890,Uncategorized,2019-01-13 17:11:24,,,
UA-LA677-G,Brass Construction,Brass Construction II,United Artists Records,"LP, Album",,1976,799799,Uncategorized,2017-10-21 15:24:49,,,
UAS 29285,Don McLean,American Pie,United Artists Records,"LP, Album",,1971,1600806,Uncategorized,2019-01-13 16:00:47,,,
602537539857,Lorde,Pure Heroine,Universal Music New Zealand,"LP, Album, 180",,2013,5057494,Uncategorized,2019-01-13 15:09:12,,,
"US LP35, UM-8002",Roy Ayers,Lots Of Love,"Universal Sound, Uno Melodic Records","2xLP, RE",,2010,2307899,Uncategorized,2017-10-21 13:57:33,,,
UPA 1009-1,Blendcrafters,Blend Crafters Volume One,Up Above Records,"2xLP, Album",,2004,537645,Uncategorized,2019-01-13 16:44:59,,,
UPA3136-1,Jurassic 5,Feedback Instrumentals,Up Above Records,2xLP,,2006,1847018,Uncategorized,2018-08-27 17:26:18,,,
URBX 22 DJ,Phoenix (10),Everybody (Get Loose),Urban (2),"12"", Promo",,1988,1182431,Uncategorized,2019-01-13 19:45:03,,,
835 396-1,Lyn Collins,Check Me Out If You Don't Know Me By Now,"Urban (2), Polydor","LP, Album, RE",,1988,6282407,Uncategorized,2017-10-21 18:42:48,,,
"URBX 4, 885 901-1",Jackson Sisters,I Believe In Miracles,"Urban (2), Urban (2)","12""",,1987,673020,Uncategorized,2018-07-01 22:15:18,,,
URG 001T,Principles Of Soul,Mr Comeback Man,Urban Groove,"12""",,1995,7100646,Uncategorized,2019-01-13 20:26:06,,,
"VSD-6570/1, SPV-6",Joan Baez,Blessed Are...,"Vanguard, Vanguard","2xLP, Pit + 7"", Styrene, Pit",,1971,1320085,Uncategorized,2017-10-21 14:06:35,,,
"VCRT 21, 724389434569",D*Note,Waiting Hopefully,"VC Recordings, VC Recordings","12""",,1997,44578,Uncategorized,2017-10-29 16:04:47,,,
6360 180,Def Leppard,On Through The Night,Vertigo,"LP, Album",,1980,2232376,Uncategorized,2017-10-29 15:43:24,,,
711 067,Charlie Parker,The Definite Charlie Parker Vol. 3,Verve Records,"LP, Comp",,1967,5164699,Uncategorized,2019-01-13 17:33:26,,,
VIB018,Maurice Joshua Presents House 101,Time To Get Skooled!!!,Vibe Music,"12""",,1994,49874,Uncategorized,2018-08-27 17:22:06,,,
STEAM 100,Depth Charge,Nine Deadly Venoms,Vinyl Solution,"2x12"", Album",,1994,42674,Uncategorized,2017-10-29 15:59:28,,,
STORM 19,Depth Charge,Goal,Vinyl Solution,"12""",,1990,41122,Uncategorized,2017-10-29 15:59:49,,,
STORM 82,Mercedes,Living For The Moment,Vinyl Solution,"12""",,1994,393153,Uncategorized,2019-01-13 16:03:02,,,
B0030013-01,Gang Starr,Step In The Arena,Virgin,"2xLP, Album, Ltd, RE, Opa",,2019,13826631,Uncategorized,2024-07-16 15:12:13,,,
V2192,The Human League,Dare,Virgin,"LP, Album, CBS",,1981,27729,Uncategorized,2018-02-03 18:28:50,,,
VUST 86,Ben Harper,Like A King / Whipping Boy,Virgin,"12""",,1994,394731,Uncategorized,2018-01-01 13:04:30,,,
"VUSLP 36, 211 816",Frankie Knuckles,Beyond The Mix,"Virgin America, Virgin America","LP, Album",,1991,434183,Uncategorized,2017-12-27 12:04:24,,,
7243 8 61711 1 5,Lenny Kravitz Featuring Jay-Z,Storm,"Virgin Records America, Inc.","12"", Single",,2004,911810,Uncategorized,2019-01-13 14:46:49,,,
"612 811, TENX286",Redhead Kingpin And The FBI,"Superbad, Superslick","Virgin, 10 Records","12""",,1989,2139202,Uncategorized,2019-09-29 18:13:42,,,
"VST 1863, 07243 5 47529 6 4",Kelis,Milkshake,"Virgin, Arista, Star Trak Entertainment","12"", Single",,2004,219649,Uncategorized,2018-10-06 17:40:52,,,
"7243 8 92939 6 8, DLBT 6",Les Negresses Vertes,Après La Pluie,"Virgin, Delabel","12"", Single",,1995,55938,Uncategorized,2019-01-13 14:47:11,,,
00602577666667,Janet Jackson,The Velvet Rope,"Virgin, JDJ Entertainment, UMe","2xLP, Album, RE, 180",,2019,13958620,Uncategorized,2026-04-26 00:37:43,,,
"V 3023, 094637885512",Jamie T,Panic Prevention,"Virgin, Pacemaker Recordings","LP, Album",,2007,1074415,Uncategorized,2018-07-01 22:23:54,,,
"7 91252-1, 1-91252",Neneh Cherry,Raw Like Sushi,"Virgin, Virgin","LP, Album, SRC",,1989,65998,Uncategorized,2017-10-21 18:18:57,,,
"7 91256-1, 1-91256",Ziggy Marley And The Melody Makers,One Bright Day,"Virgin, Virgin","LP, Album",,1989,1902014,Uncategorized,2019-01-13 15:37:13,,,
"7243 5 49572 1 5, VUST 291",N*E*R*D,Maybe,"Virgin, Virgin","12""",,2004,299122,Uncategorized,2019-01-13 16:55:12,,,
"7243 5 80247 1 5, VUSLP 235",Gang Starr,The Ownerz,"Virgin, Virgin","2xLP + LP, S/Sided + Album",,2003,1162080,Uncategorized,2017-12-27 15:28:01,,,
"V1984, V 1984",Eurythmics,1984 (For The Love Of Big Brother),"Virgin, Virgin","LP, Album",,1984,1361170,Uncategorized,2017-11-02 19:52:37,,,
"VS 518, VS518",Culture Club,Do You Really Want To Hurt Me,"Virgin, Virgin","7"", Single, CBS",,1982,297692,Uncategorized,2018-08-27 17:29:47,,,
"VST 1577, 7243 8 93487 6 7",Everything But The Girl,Walking Wounded,"Virgin, Virgin","12""",,1996,33653,Uncategorized,2017-11-02 19:56:38,,,
"VSTX1666, 7243 8 94726 6 0",Janet Jackson Featuring Q-Tip And Joni Mitchell,Got 'Til It's Gone,"Virgin, Virgin","2x12"", Single",,1997,24930,Uncategorized,2018-07-01 22:16:20,,,
BS 2920,Bootsy's Rubber Band,Stretchin' Out In Bootsy's Rubber Band,Warner Bros. Records,"LP, Album, Los",,1976,8897292,Uncategorized,2017-10-21 15:18:12,,,
BSK 3209,Funkadelic,One Nation Under A Groove,Warner Bros. Records,"LP, Win + 7"", EP + Album, Gat",,1978,475153,Uncategorized,2017-12-27 15:15:49,,,
BSK 3295,Bootsy's Rubber Band,This Boot Is Made For Fonk-n,Warner Bros. Records,"LP, Album, Los",,1979,538206,Uncategorized,2017-10-21 15:17:03,,,
BSK 3433,Bootsy Collins,Ultra Wave,Warner Bros. Records,"LP, Album, Los",,1980,224271,Uncategorized,2017-10-21 15:16:16,,,
BSK 3482,Funkadelic,The Electric Spanking Of War Babies,Warner Bros. Records,"LP, Album, All",,1981,696638,Uncategorized,2017-12-27 15:16:40,,,
HS 3526,Chaka Khan,What Cha' Gonna Do For Me,Warner Bros. Records,"LP, Album, Jac",,1981,7751706,Uncategorized,2017-10-21 18:17:00,,,
HWBS 321-140,Bootsy's Rubber Band,"Ahh...The Name Is Bootsy, Baby! ",Warner Bros. Records,"LP, Album, Gat",,1977,4476416,Uncategorized,2017-10-21 15:18:50,,,
K 17196,Bootsy's Rubber Band,Bootzilla,Warner Bros. Records,"12"", Ltd",,1978,6866351,Uncategorized,2017-11-01 22:09:03,,,
WB 56 630,Graham Central Station,Star Walk,Warner Bros. Records,"LP, Album",,1979,1498867,Uncategorized,2017-12-30 22:22:10,,,
2564 63267 1,Gnarls Barkley,St. Elsewhere,"Warner Bros. Records, Lex Records","LP, Album",,2006,702916,Uncategorized,2017-10-21 14:07:05,,,
"1-25713, 9 25713-1",Various,Colors (Original Motion Picture Soundtrack),"Warner Bros. Records, Warner Bros. Records","LP, Album, Comp, Spe",,1988,176616,Uncategorized,2017-10-26 16:41:59,,,
"9 23772-1 G, 1-23772",The Doobie Brothers,Farewell Tour,"Warner Bros. Records, Warner Bros. Records","2xLP, Album, Jac",,1983,2224754,Uncategorized,2017-10-29 16:05:34,,,
"9 25617-1, 1-25617",Incorporated Thang Band,Lifestyles Of The Roach And Famous,"Warner Bros. Records, Warner Bros. Records","LP, Album, All",,1988,590299,Uncategorized,2018-07-01 21:57:35,,,
"925 946-1, WX 268",Chaka Khan,Life Is A Dance - The Remix Project,"Warner Bros. Records, Warner Bros. Records","2xLP, Comp",,1989,201130,Uncategorized,2018-10-06 17:44:45,,,
"K 56327, K56327",George Benson,In Flight,"Warner Bros. Records, Warner Bros. Records","LP, Album, Gat",,1977,392890,Uncategorized,2017-12-27 15:39:57,,,
"K 56712, HS 3371",Funkadelic,Uncle Jam Wants You,"Warner Bros. Records, Warner Bros. Records","LP, Album, Gat",,1979,1287114,Uncategorized,2017-12-27 15:19:35,,,
"SAM 1043, W0116T",Brian Eno,Fractal Zoom,"Warner Bros. Records, Warner Bros. Records","12"", Promo",,1992,2059412,Uncategorized,2017-11-02 19:44:20,,,
"W 0228 T, 9362-41520-0",The Doobie Brothers,Listen To The Music,"Warner Bros. Records, Warner Bros. Records","12"", Single",,1994,167821,Uncategorized,2017-10-29 16:05:53,,,
"WB 56 904, K 56 904",Randy Crawford,Secret Combination,"Warner Bros. Records, Warner Bros. Records","LP, Album",,1981,1813701,Uncategorized,2017-10-26 16:46:54,,,
"K 56823, K56823",George Benson,Give Me The Night,"Warner Bros. Records, Warner Bros. Records, Qwest Records, Qwest Records","LP, Album",,1980,4954046,Uncategorized,2017-12-27 15:39:32,,,
"K56791, K 56791, BSK 3421",Randy Crawford,Now We May Begin,"Warner Bros. Records, Warner Bros. Records, Warner Bros. Records","LP, Album",,1980,1160039,Uncategorized,2017-10-26 16:47:24,,,
"K56824, HS 3452, K 56824",The Doobie Brothers,One Step Closer,"Warner Bros. Records, Warner Bros. Records, Warner Bros. Records","LP, Album",,1980,1826105,Uncategorized,2017-10-29 16:05:11,,,
"W 9209 T, W 9209 (T), 920249-0",Chaka Khan,I Feel For You,"Warner Bros. Records, Warner Bros. Records, Warner Bros. Records","12"", Single, Dam",,1984,146387,Uncategorized,2018-10-06 17:43:39,,,
"W 9209 T, W 9209 (T), 920249-0",Chaka Khan,I Feel For You,"Warner Bros. Records, Warner Bros. Records, Warner Bros. Records","12"", Single, Dam",,1984,146387,Uncategorized,2018-10-06 17:43:52,,,
"W9614T , W 9614 (T ), 920 108-0",George Benson,Lady Love Me (One More Time),"Warner Bros. Records, Warner Bros. Records, Warner Bros. Records","12""",,1983,1218242,Uncategorized,2017-12-30 22:15:38,,,
9362 48074-1,Lalo Schifrin,Enter The Dragon (Original Motion Picture Soundtrack),"Warner Bros. Records, Warner Strategic Marketing United Kingdom","LP, Album, RE",,2001,445340,Uncategorized,2017-11-02 19:45:43,,,
WAP 55,Kelli Hand,Global Warning,Warp Records,"12""",,1994,3215,Uncategorized,2018-10-06 17:45:22,,,
WAP197,Jamie Lidell,Multiply,Warp Records,"12""",,2005,533360,Uncategorized,2019-01-13 14:52:14,,,
WAP228,Flying Lotus,Reset,Warp Records,"12"", EP",,2007,1055913,Uncategorized,2017-11-02 20:12:12,,,
WAP375,Aphex Twin,Computer Controlled Acoustic Instruments Pt2 (EP),Warp Records,"12"", EP",,2015,6538497,Uncategorized,2017-10-21 13:36:15,,,
WAP391,Aphex Twin,Cheetah EP,Warp Records,"12"", EP",,2016,8720448,Uncategorized,2017-10-21 13:36:33,,,
WAP94,Aphex Twin,Come To Daddy,Warp Records,"12"", Single",,1997,3662,Uncategorized,2017-10-21 13:33:12,,,
WARP LP 30,Aphex Twin,...I Care Because You Do,Warp Records,"2xLP, Album, RE, 180",,2012,3979609,Uncategorized,2017-10-21 13:35:10,,,
WARP LP 43,Aphex Twin,Richard D. James Album,Warp Records,"LP, Album, RE, 180",,2012,3979643,Uncategorized,2017-10-21 13:35:57,,,
WARPLP165,Flying Lotus,Los Angeles,Warp Records,"2xLP, Album",,2008,1361206,Uncategorized,2017-11-02 20:10:31,,,
WARPLP230,Flying Lotus,Until The Quiet Comes,Warp Records,"2xLP, Album",,2012,3909615,Uncategorized,2017-11-02 20:11:05,,,
WARPLP247,Aphex Twin,Syro,Warp Records,"3x12"", Album",,2014,6095128,Uncategorized,2017-10-21 13:35:34,,,
WARPLP92,Aphex Twin,Drukqs,Warp Records,"2x12"" + 2xLP + Box, Album",,2001,13966,Uncategorized,2017-10-21 13:34:07,,,
WAP 5,LFO,LFO,"Warp Records, Outer Rhythm","12"", Pur",,1990,20977,Uncategorized,2017-11-02 20:44:36,,,
WAP 5,LFO,LFO,"Warp Records, Outer Rhythm","12"", Pic",,1990,1222363,Uncategorized,2019-01-13 14:49:16,,,
WAP 5R,LFO,LFO Remix,"Warp Records, Outer Rhythm","12""",,1990,2464,Uncategorized,2019-01-13 14:48:51,,,
"WARP LP8, WARPlp8",Black Dog Productions,Bytes,"Warp Records, Warp Records","2xLP, Album",,1993,4663,Uncategorized,2017-10-21 14:02:58,,,
"WARP LP9 LTD, WARP LP9",B12,Electro-Soma,"Warp Records, Warp Records","2xLP, Album, Ltd, Num, Ora",,1993,727204,Uncategorized,2017-10-21 14:02:18,,,
"WAP 47, wap 47, Wap 47, wap47",Coco Steel & Lovebomb,Set Me Free!,"Warp Records, Warp Records, Warp Records, Warp Records","12""",,1994,3673,Uncategorized,2017-10-21 18:38:05,,,
25-0070-1,Al Jarreau,Jarreau,WEA,"LP, Album",,1983,2715147,Uncategorized,2018-07-01 22:24:42,,,
"241 438-1, WX 202",Various,Moonlighting,"WEA, WEA","LP, Comp",,1988,845870,Uncategorized,2019-01-13 16:23:25,,,
"YZ865 T, 4509-98259-0",Electrafixion,Zephyr,"WEA, WEA","12"", EP, Single",,1994,1624851,Uncategorized,2017-11-02 19:33:09,,,
SEW 002,Funkadelic,Maggot Brain,Westbound Records,"LP, Album, RE",,1989,602546,Uncategorized,2017-12-27 15:18:49,,,
SEW 010,Funkadelic,Funkadelic,Westbound Records,"LP, Album, RE",,1989,10671095,Uncategorized,2017-12-27 15:18:20,,,
SEW2 029,Funkadelic,America Eats Its Young,Westbound Records,"2xLP, Album, RE, Gat",,0,7139175,Uncategorized,2017-12-27 15:21:16,,,
SEWA 012,Funkadelic,Free Your Mind And Your Ass Will Follow,Westbound Records,"LP, Album, RE, Gat",,0,6681381,Uncategorized,2017-12-27 15:20:53,,,
SEWA 035,Funkadelic,Cosmic Slop,Westbound Records,"LP, Album, RE, RM, Gat",,2004,6197410,Uncategorized,2017-12-27 15:20:25,,,
BBOY 1,Various,The B-Boy Sampler,Westside Records (2),"LP, Smplr",,1988,247611,Uncategorized,2017-10-21 14:09:26,,,
BBOY 4,Various,The B-Boy / Boogie-Down Sampler 2,Westside Records (2),"LP, Smplr",,1988,370827,Uncategorized,2017-10-21 14:08:57,,,
BBOYD 3,J.V.C. F.O.R.C.E. / Tall Dark & Handsome,B Boy Posse,Westside Records (2),"2xLP, Album, Comp",,1988,219003,Uncategorized,2017-10-21 14:11:30,,,
PROMO 501,Cold Crush Brothers / Michael G,B Boy Sampler,Westside Records (2),"2x12"", TP",,1988,492815,Uncategorized,2017-10-21 14:10:42,,,
K 56714,Rose Royce,Rainbow Connection IV,Whitfield Records,"LP, Album",,1979,878251,Uncategorized,2019-09-29 18:49:01,,,
WHK 3457,Rose Royce,Greatest Hits,Whitfield Records,"LP, Comp, Los",,1980,469441,Uncategorized,2019-09-29 18:48:29,,,
WBRLP 1,Massive Attack,Blue Lines,"Wild Bunch Records, Circa","LP, Album",,1991,7481605,Uncategorized,2019-01-13 15:39:44,,,
577189-1,Darkman,Brand New Day,Wildcard,"12""",,1995,397258,Uncategorized,2017-10-29 15:37:35,,,
"CARDX8, 853489-1",Darkman,Who's The Darkman?,"Wildcard, Wildcard","12"", Single",,1994,819470,Uncategorized,2017-10-29 15:38:22,,,
37 1066-1,Michael Hedges,Live On The Double Planet,"Windham Hill Records, Windham Hill Records","LP, Album",,1987,8432069,Uncategorized,2018-01-07 13:17:18,,,
WMD 197,Count Basie Orchestra,Sugar Hill Shuffle,Windmill (3),"LP, Comp, Mono",,1973,824757,Uncategorized,2017-10-21 14:08:06,,,
RAWS 13,Raw Stylus,Believe In Me,Wired Recordings,"12""",,1996,773086,Uncategorized,2019-09-29 18:10:59,,,
WIRED 108,Little Axe,Ride On (Fight On),Wired Recordings,"10""",,1994,194555,Uncategorized,2019-01-13 14:57:26,,,
WIRED 1220,Raw Stylus,Believe In Me,Wired Recordings,"12""",,1995,171400,Uncategorized,2019-09-29 18:11:24,,,
WR011,Fairport Convention,The Bonny Bunch Of Roses,Woodworm Records,"LP, RE",,0,2060167,Uncategorized,2017-11-02 19:58:27,,,
WORDLP 017,London Posse,Best Of London Posse: Gangster Chronicle,Wordplay Records,"2xLP, Album, RE, RM",,2001,328355,Uncategorized,2019-01-13 15:03:56,,,
XTR12,Fargetta,Your Love,X:treme Records,"2x12""",,1994,323416,Uncategorized,2017-11-02 20:01:12,,,
XLLP 111,House Of Pain,House Of Pain (Fine Malt Lyrics),XL Recordings,"LP, Album",,1992,471448,Uncategorized,2018-02-03 18:25:07,,,
XLLP 273,Dizzee Rascal,Maths + English,XL Recordings,"2xLP, Album",,2007,1009349,Uncategorized,2017-10-29 16:02:22,,,
XLLP170,Dizzee Rascal,Boy In Da Corner,XL Recordings,"2xLP, Album, RE, Yel",,2011,2989822,Uncategorized,2017-10-29 16:01:50,,,
XLT 204,Dizzee Rascal,Dream / Trapped,XL Recordings,"12""",,2004,359824,Uncategorized,2017-10-29 16:03:38,,,
XLT-5,Frankie Bones & Lenny Dee,Just As Long As I Got You,XL Recordings,"12"", Single",,1989,55318,Uncategorized,2017-12-27 11:59:28,,,
IFXLT 150,Lemon Jelly,Space Walk / Pushy,"XL Recordings, Impotent Fury","10""",,2002,130809,Uncategorized,2019-01-13 14:46:18,,,
XLLP755X,The Avalanches,Wildflower,"XL Recordings, Modular Recordings","2xLP, 180 + CD + Album, Dlx",,2016,8751243,Uncategorized,2017-10-21 13:52:07,,,
YT176LP,Kamasi Washington,Heaven And Earth,Young Turks,"5xLP, Album",,2018,12138973,Uncategorized,2018-07-05 13:43:04,,,
12 ZTAS 1,Frankie Goes To Hollywood,Relax,ZTT,"12""",,1983,1233563,Uncategorized,2017-11-04 19:26:28,,,
12 ZTAS 3,Frankie Goes To Hollywood,Two Tribes (Annihilation),ZTT,"12""",,1984,1305295,Uncategorized,2017-11-04 19:23:42,,,
А60 00415 006,Paul McCartney,Снова В СССР,"Мелодия, MPL (2)","LP, Album, RP, Whi",,1989,1960315,Uncategorized,2019-01-13 15:50:50,,,
